wave,page_type,url,title,primary_keyword,secondary_keywords,priority,internal_link_parent,notes
1,pillar,/diesel-engines/,Diesel Engines in Australia,diesel engines australia,how diesel engines work | diesel engine guide australia,P0,/,Top-level education pillar
1,pillar,/find-a-diesel-mechanic/,Find a Diesel Mechanic in Australia,diesel mechanic near me,diesel mechanic australia | diesel specialist near me,P0,/,Directory entry point; routes to city hubs
1,pillar,/diesel-problems/,Diesel Engine Problems and Symptoms,diesel engine problems,diesel engine symptoms | common diesel faults,P0,/,Symptom hub
1,pillar,/engine-brands/,Diesel Engine Brands in Australia,diesel engine brands,diesel engine manufacturers australia,P0,/,Brand hub
1,pillar,/costs/,What Diesel Repairs Cost in Australia,diesel repair cost australia,diesel mechanic hourly rate australia,P0,/,Cost hub; feeds every cost page
1,service-national,/services/diesel-mechanic/,Diesel Mechanic in Australia,diesel mechanic australia,diesel mechanic cost | what is diesel mechanic,P0,/find-a-diesel-mechanic/,Cluster: core
1,service-national,/services/diesel-engine-rebuild/,Diesel Engine Rebuild in Australia,diesel engine rebuild australia,diesel engine rebuild cost | what is diesel engine rebuild,P0,/find-a-diesel-mechanic/,Cluster: core
1,service-national,/services/diesel-engine-reconditioning/,Diesel Engine Reconditioning in Australia,diesel engine reconditioning australia,diesel engine reconditioning cost | what is diesel engine reconditioning,P0,/find-a-diesel-mechanic/,Cluster: core
1,service-national,/services/dpf-cleaning/,DPF Cleaning in Australia,dpf cleaning australia,dpf cleaning cost | what is dpf cleaning,P0,/find-a-diesel-mechanic/,Cluster: emissions
1,service-national,/services/dpf-delete-legality/,DPF Delete Legality in Australia,dpf delete legality australia,dpf delete legality cost | what is dpf delete legality,P1,/find-a-diesel-mechanic/,Cluster: emissions
1,service-national,/services/egr-cleaning/,EGR Cleaning in Australia,egr cleaning australia,egr cleaning cost | what is egr cleaning,P1,/find-a-diesel-mechanic/,Cluster: emissions
1,service-national,/services/adblue-scr-repair/,AdBlue / SCR System Repair in Australia,adblue / scr system repair australia,adblue / scr system repair cost | what is adblue / scr system repair,P1,/find-a-diesel-mechanic/,Cluster: emissions
1,service-national,/services/diesel-injector-replacement/,Diesel Injector Replacement in Australia,diesel injector replacement australia,diesel injector replacement cost | what is diesel injector replacement,P0,/find-a-diesel-mechanic/,Cluster: fuel-system
1,service-national,/services/diesel-injector-testing/,Diesel Injector Testing in Australia,diesel injector testing australia,diesel injector testing cost | what is diesel injector testing,P1,/find-a-diesel-mechanic/,Cluster: fuel-system
1,service-national,/services/diesel-fuel-pump-repair/,Diesel Fuel Pump Repair in Australia,diesel fuel pump repair australia,diesel fuel pump repair cost | what is diesel fuel pump repair,P1,/find-a-diesel-mechanic/,Cluster: fuel-system
1,service-national,/services/common-rail-diagnostics/,Common Rail Diagnostics in Australia,common rail diagnostics australia,common rail diagnostics cost | what is common rail diagnostics,P1,/find-a-diesel-mechanic/,Cluster: fuel-system
1,service-national,/services/diesel-fuel-contamination/,Diesel Fuel Contamination Repair in Australia,diesel fuel contamination repair australia,diesel fuel contamination repair cost | what is diesel fuel contamination repair,P1,/find-a-diesel-mechanic/,Cluster: fuel-system
1,service-national,/services/turbo-repair/,Turbocharger Repair in Australia,turbocharger repair australia,turbocharger repair cost | what is turbocharger repair,P0,/find-a-diesel-mechanic/,Cluster: forced-induction
1,service-national,/services/turbo-replacement/,Turbocharger Replacement in Australia,turbocharger replacement australia,turbocharger replacement cost | what is turbocharger replacement,P0,/find-a-diesel-mechanic/,Cluster: forced-induction
1,service-national,/services/intercooler-service/,Intercooler Service in Australia,intercooler service australia,intercooler service cost | what is intercooler service,P1,/find-a-diesel-mechanic/,Cluster: forced-induction
1,service-national,/services/cylinder-head-repair/,Cylinder Head Repair in Australia,cylinder head repair australia,cylinder head repair cost | what is cylinder head repair,P0,/find-a-diesel-mechanic/,Cluster: engine-internals
1,service-national,/services/head-gasket-replacement/,Head Gasket Replacement in Australia,head gasket replacement australia,head gasket replacement cost | what is head gasket replacement,P0,/find-a-diesel-mechanic/,Cluster: engine-internals
1,service-national,/services/engine-block-machining/,Engine Block Machining in Australia,engine block machining australia,engine block machining cost | what is engine block machining,P1,/find-a-diesel-mechanic/,Cluster: engine-internals
1,service-national,/services/crankshaft-grinding/,Crankshaft Grinding in Australia,crankshaft grinding australia,crankshaft grinding cost | what is crankshaft grinding,P1,/find-a-diesel-mechanic/,Cluster: engine-internals
1,service-national,/services/timing-chain-belt-replacement/,Timing Chain & Belt Replacement in Australia,timing chain & belt replacement australia,timing chain & belt replacement cost | what is timing chain & belt replacement,P1,/find-a-diesel-mechanic/,Cluster: engine-internals
1,service-national,/services/diesel-engine-swap/,Diesel Engine Swap / Replacement in Australia,diesel engine swap / replacement australia,diesel engine swap / replacement cost | what is diesel engine swap / replacement,P0,/find-a-diesel-mechanic/,Cluster: engine-internals
1,service-national,/services/diesel-tuning/,Diesel Tuning & ECU Remapping in Australia,diesel tuning & ecu remapping australia,diesel tuning & ecu remapping cost | what is diesel tuning & ecu remapping,P1,/find-a-diesel-mechanic/,Cluster: performance
1,service-national,/services/dyno-tuning/,Dyno Tuning in Australia,dyno tuning australia,dyno tuning cost | what is dyno tuning,P1,/find-a-diesel-mechanic/,Cluster: performance
1,service-national,/services/performance-upgrades/,Diesel Performance Upgrades in Australia,diesel performance upgrades australia,diesel performance upgrades cost | what is diesel performance upgrades,P1,/find-a-diesel-mechanic/,Cluster: performance
1,service-national,/services/diesel-servicing/,Diesel Servicing & Log Book Service in Australia,diesel servicing & log book service australia,diesel servicing & log book service cost | what is diesel servicing & log book service,P1,/find-a-diesel-mechanic/,Cluster: maintenance
1,service-national,/services/glow-plug-replacement/,Glow Plug Replacement in Australia,glow plug replacement australia,glow plug replacement cost | what is glow plug replacement,P1,/find-a-diesel-mechanic/,Cluster: maintenance
1,service-national,/services/diesel-engine-diagnostics/,Diesel Engine Diagnostics in Australia,diesel engine diagnostics australia,diesel engine diagnostics cost | what is diesel engine diagnostics,P1,/find-a-diesel-mechanic/,Cluster: maintenance
1,service-national,/services/mobile-diesel-mechanic/,Mobile Diesel Mechanic in Australia,mobile diesel mechanic australia,mobile diesel mechanic cost | what is mobile diesel mechanic,P0,/find-a-diesel-mechanic/,Cluster: delivery-mode
1,service-national,/services/emergency-diesel-repair/,Emergency & Roadside Diesel Repair in Australia,emergency & roadside diesel repair australia,emergency & roadside diesel repair cost | what is emergency & roadside diesel repair,P1,/find-a-diesel-mechanic/,Cluster: delivery-mode
1,service-national,/services/truck-diesel-mechanic/,Truck & Heavy Vehicle Diesel Mechanic in Australia,truck & heavy vehicle diesel mechanic australia,truck & heavy vehicle diesel mechanic cost | what is truck & heavy vehicle diesel mechanic,P0,/find-a-diesel-mechanic/,Cluster: vehicle-class
1,service-national,/services/4wd-diesel-specialist/,4WD & Ute Diesel Specialist in Australia,4wd & ute diesel specialist australia,4wd & ute diesel specialist cost | what is 4wd & ute diesel specialist,P0,/find-a-diesel-mechanic/,Cluster: vehicle-class
1,service-national,/services/marine-diesel-mechanic/,Marine Diesel Mechanic in Australia,marine diesel mechanic australia,marine diesel mechanic cost | what is marine diesel mechanic,P1,/find-a-diesel-mechanic/,Cluster: vehicle-class
1,service-national,/services/agricultural-diesel-mechanic/,Agricultural & Tractor Diesel Mechanic in Australia,agricultural & tractor diesel mechanic australia,agricultural & tractor diesel mechanic cost | what is agricultural & tractor diesel mechanic,P1,/find-a-diesel-mechanic/,Cluster: vehicle-class
1,service-national,/services/generator-diesel-service/,Diesel Generator Service in Australia,diesel generator service australia,diesel generator service cost | what is diesel generator service,P1,/find-a-diesel-mechanic/,Cluster: vehicle-class
1,service-national,/services/earthmoving-plant-diesel/,Earthmoving & Plant Diesel Repair in Australia,earthmoving & plant diesel repair australia,earthmoving & plant diesel repair cost | what is earthmoving & plant diesel repair,P1,/find-a-diesel-mechanic/,Cluster: vehicle-class
1,city-hub,/diesel-mechanics/sydney/,Diesel Mechanics in Sydney,diesel mechanic sydney,diesel mechanic near me sydney | diesel specialist sydney | diesel repairs sydney,P0,/find-a-diesel-mechanic/,NSW — Largest market; heavy ute/4WD + light commercial fleet
1,city-hub,/diesel-mechanics/melbourne/,Diesel Mechanics in Melbourne,diesel mechanic melbourne,diesel mechanic near me melbourne | diesel specialist melbourne | diesel repairs melbourne,P0,/find-a-diesel-mechanic/,VIC — Largest transport/logistics hub; strong truck segment
1,city-hub,/diesel-mechanics/brisbane/,Diesel Mechanics in Brisbane,diesel mechanic brisbane,diesel mechanic near me brisbane | diesel specialist brisbane | diesel repairs brisbane,P0,/find-a-diesel-mechanic/,QLD — High 4WD/ute ownership; mining & towing crossover
1,city-hub,/diesel-mechanics/perth/,Diesel Mechanics in Perth,diesel mechanic perth,diesel mechanic near me perth | diesel specialist perth | diesel repairs perth,P0,/find-a-diesel-mechanic/,WA — Mining FIFO market; heavy plant and 4WD dominant
1,city-hub,/diesel-mechanics/adelaide/,Diesel Mechanics in Adelaide,diesel mechanic adelaide,diesel mechanic near me adelaide | diesel specialist adelaide | diesel repairs adelaide,P0,/find-a-diesel-mechanic/,SA — Agricultural machinery crossover; older diesel fleet
1,city-hub,/diesel-mechanics/gold-coast/,Diesel Mechanics in Gold Coast,diesel mechanic gold coast,diesel mechanic near me gold coast | diesel specialist gold coast | diesel repairs gold coast,P0,/find-a-diesel-mechanic/,QLD — Marine diesel + 4WD; tourism transport
1,city-hub,/diesel-mechanics/newcastle/,Diesel Mechanics in Newcastle,diesel mechanic newcastle,diesel mechanic near me newcastle | diesel specialist newcastle | diesel repairs newcastle,P0,/find-a-diesel-mechanic/,"NSW — Mining, port and heavy haulage corridor"
1,city-hub,/diesel-mechanics/canberra/,Diesel Mechanics in Canberra,diesel mechanic canberra,diesel mechanic near me canberra | diesel specialist canberra | diesel repairs canberra,P0,/find-a-diesel-mechanic/,ACT — Government fleet; European diesel share above average
1,city-hub,/diesel-mechanics/sunshine-coast/,Diesel Mechanics in Sunshine Coast,diesel mechanic sunshine coast,diesel mechanic near me sunshine coast | diesel specialist sunshine coast | diesel repairs sunshine coast,P0,/find-a-diesel-mechanic/,QLD — Caravan/RV and marine diesel demand
1,city-hub,/diesel-mechanics/wollongong/,Diesel Mechanics in Wollongong,diesel mechanic wollongong,diesel mechanic near me wollongong | diesel specialist wollongong | diesel repairs wollongong,P0,/find-a-diesel-mechanic/,NSW — Steel/industrial; heavy diesel plant
2,city-service,/services/diesel-mechanic/sydney/,Diesel Mechanic in Sydney,diesel mechanic sydney,diesel mechanic near me sydney | diesel mechanic nsw | best diesel mechanic sydney,P0,/diesel-mechanics/sydney/,Needs >=5 verified local providers before publish
2,city-service,/services/diesel-engine-rebuild/sydney/,Diesel Engine Rebuild in Sydney,diesel engine rebuild sydney,diesel engine rebuild near me sydney | diesel engine rebuild nsw | best diesel engine rebuild sydney,P0,/diesel-mechanics/sydney/,Needs >=5 verified local providers before publish
2,city-service,/services/diesel-engine-reconditioning/sydney/,Diesel Engine Reconditioning in Sydney,diesel engine reconditioning sydney,diesel engine reconditioning near me sydney | diesel engine reconditioning nsw | best diesel engine reconditioning sydney,P0,/diesel-mechanics/sydney/,Needs >=5 verified local providers before publish
2,city-service,/services/dpf-cleaning/sydney/,DPF Cleaning in Sydney,dpf cleaning sydney,dpf cleaning near me sydney | dpf cleaning nsw | best dpf cleaning sydney,P0,/diesel-mechanics/sydney/,Needs >=5 verified local providers before publish
2,city-service,/services/egr-cleaning/sydney/,EGR Cleaning in Sydney,egr cleaning sydney,egr cleaning near me sydney | egr cleaning nsw | best egr cleaning sydney,P1,/diesel-mechanics/sydney/,Needs >=5 verified local providers before publish
2,city-service,/services/adblue-scr-repair/sydney/,AdBlue / SCR System Repair in Sydney,adblue / scr system repair sydney,adblue / scr system repair near me sydney | adblue / scr system repair nsw | best adblue / scr system repair sydney,P1,/diesel-mechanics/sydney/,Needs >=5 verified local providers before publish
2,city-service,/services/diesel-injector-replacement/sydney/,Diesel Injector Replacement in Sydney,diesel injector replacement sydney,diesel injector replacement near me sydney | diesel injector replacement nsw | best diesel injector replacement sydney,P0,/diesel-mechanics/sydney/,Needs >=5 verified local providers before publish
2,city-service,/services/diesel-injector-testing/sydney/,Diesel Injector Testing in Sydney,diesel injector testing sydney,diesel injector testing near me sydney | diesel injector testing nsw | best diesel injector testing sydney,P1,/diesel-mechanics/sydney/,Needs >=5 verified local providers before publish
2,city-service,/services/diesel-fuel-pump-repair/sydney/,Diesel Fuel Pump Repair in Sydney,diesel fuel pump repair sydney,diesel fuel pump repair near me sydney | diesel fuel pump repair nsw | best diesel fuel pump repair sydney,P1,/diesel-mechanics/sydney/,Needs >=5 verified local providers before publish
2,city-service,/services/common-rail-diagnostics/sydney/,Common Rail Diagnostics in Sydney,common rail diagnostics sydney,common rail diagnostics near me sydney | common rail diagnostics nsw | best common rail diagnostics sydney,P1,/diesel-mechanics/sydney/,Needs >=5 verified local providers before publish
2,city-service,/services/turbo-repair/sydney/,Turbocharger Repair in Sydney,turbocharger repair sydney,turbocharger repair near me sydney | turbocharger repair nsw | best turbocharger repair sydney,P0,/diesel-mechanics/sydney/,Needs >=5 verified local providers before publish
2,city-service,/services/turbo-replacement/sydney/,Turbocharger Replacement in Sydney,turbocharger replacement sydney,turbocharger replacement near me sydney | turbocharger replacement nsw | best turbocharger replacement sydney,P0,/diesel-mechanics/sydney/,Needs >=5 verified local providers before publish
2,city-service,/services/cylinder-head-repair/sydney/,Cylinder Head Repair in Sydney,cylinder head repair sydney,cylinder head repair near me sydney | cylinder head repair nsw | best cylinder head repair sydney,P0,/diesel-mechanics/sydney/,Needs >=5 verified local providers before publish
2,city-service,/services/head-gasket-replacement/sydney/,Head Gasket Replacement in Sydney,head gasket replacement sydney,head gasket replacement near me sydney | head gasket replacement nsw | best head gasket replacement sydney,P0,/diesel-mechanics/sydney/,Needs >=5 verified local providers before publish
2,city-service,/services/engine-block-machining/sydney/,Engine Block Machining in Sydney,engine block machining sydney,engine block machining near me sydney | engine block machining nsw | best engine block machining sydney,P1,/diesel-mechanics/sydney/,Needs >=5 verified local providers before publish
2,city-service,/services/timing-chain-belt-replacement/sydney/,Timing Chain & Belt Replacement in Sydney,timing chain & belt replacement sydney,timing chain & belt replacement near me sydney | timing chain & belt replacement nsw | best timing chain & belt replacement sydney,P1,/diesel-mechanics/sydney/,Needs >=5 verified local providers before publish
2,city-service,/services/diesel-engine-swap/sydney/,Diesel Engine Swap / Replacement in Sydney,diesel engine swap / replacement sydney,diesel engine swap / replacement near me sydney | diesel engine swap / replacement nsw | best diesel engine swap / replacement sydney,P0,/diesel-mechanics/sydney/,Needs >=5 verified local providers before publish
2,city-service,/services/diesel-tuning/sydney/,Diesel Tuning & ECU Remapping in Sydney,diesel tuning & ecu remapping sydney,diesel tuning & ecu remapping near me sydney | diesel tuning & ecu remapping nsw | best diesel tuning & ecu remapping sydney,P1,/diesel-mechanics/sydney/,Needs >=5 verified local providers before publish
2,city-service,/services/diesel-servicing/sydney/,Diesel Servicing & Log Book Service in Sydney,diesel servicing & log book service sydney,diesel servicing & log book service near me sydney | diesel servicing & log book service nsw | best diesel servicing & log book service sydney,P1,/diesel-mechanics/sydney/,Needs >=5 verified local providers before publish
2,city-service,/services/diesel-engine-diagnostics/sydney/,Diesel Engine Diagnostics in Sydney,diesel engine diagnostics sydney,diesel engine diagnostics near me sydney | diesel engine diagnostics nsw | best diesel engine diagnostics sydney,P1,/diesel-mechanics/sydney/,Needs >=5 verified local providers before publish
2,city-service,/services/mobile-diesel-mechanic/sydney/,Mobile Diesel Mechanic in Sydney,mobile diesel mechanic sydney,mobile diesel mechanic near me sydney | mobile diesel mechanic nsw | best mobile diesel mechanic sydney,P0,/diesel-mechanics/sydney/,Needs >=5 verified local providers before publish
2,city-service,/services/emergency-diesel-repair/sydney/,Emergency & Roadside Diesel Repair in Sydney,emergency & roadside diesel repair sydney,emergency & roadside diesel repair near me sydney | emergency & roadside diesel repair nsw | best emergency & roadside diesel repair sydney,P1,/diesel-mechanics/sydney/,Needs >=5 verified local providers before publish
2,city-service,/services/truck-diesel-mechanic/sydney/,Truck & Heavy Vehicle Diesel Mechanic in Sydney,truck & heavy vehicle diesel mechanic sydney,truck & heavy vehicle diesel mechanic near me sydney | truck & heavy vehicle diesel mechanic nsw | best truck & heavy vehicle diesel mechanic sydney,P0,/diesel-mechanics/sydney/,Needs >=5 verified local providers before publish
2,city-service,/services/4wd-diesel-specialist/sydney/,4WD & Ute Diesel Specialist in Sydney,4wd & ute diesel specialist sydney,4wd & ute diesel specialist near me sydney | 4wd & ute diesel specialist nsw | best 4wd & ute diesel specialist sydney,P0,/diesel-mechanics/sydney/,Needs >=5 verified local providers before publish
2,city-service,/services/marine-diesel-mechanic/sydney/,Marine Diesel Mechanic in Sydney,marine diesel mechanic sydney,marine diesel mechanic near me sydney | marine diesel mechanic nsw | best marine diesel mechanic sydney,P1,/diesel-mechanics/sydney/,Needs >=5 verified local providers before publish
2,city-service,/services/diesel-mechanic/melbourne/,Diesel Mechanic in Melbourne,diesel mechanic melbourne,diesel mechanic near me melbourne | diesel mechanic vic | best diesel mechanic melbourne,P0,/diesel-mechanics/melbourne/,Needs >=5 verified local providers before publish
2,city-service,/services/diesel-engine-rebuild/melbourne/,Diesel Engine Rebuild in Melbourne,diesel engine rebuild melbourne,diesel engine rebuild near me melbourne | diesel engine rebuild vic | best diesel engine rebuild melbourne,P0,/diesel-mechanics/melbourne/,Needs >=5 verified local providers before publish
2,city-service,/services/diesel-engine-reconditioning/melbourne/,Diesel Engine Reconditioning in Melbourne,diesel engine reconditioning melbourne,diesel engine reconditioning near me melbourne | diesel engine reconditioning vic | best diesel engine reconditioning melbourne,P0,/diesel-mechanics/melbourne/,Needs >=5 verified local providers before publish
2,city-service,/services/dpf-cleaning/melbourne/,DPF Cleaning in Melbourne,dpf cleaning melbourne,dpf cleaning near me melbourne | dpf cleaning vic | best dpf cleaning melbourne,P0,/diesel-mechanics/melbourne/,Needs >=5 verified local providers before publish
2,city-service,/services/egr-cleaning/melbourne/,EGR Cleaning in Melbourne,egr cleaning melbourne,egr cleaning near me melbourne | egr cleaning vic | best egr cleaning melbourne,P1,/diesel-mechanics/melbourne/,Needs >=5 verified local providers before publish
2,city-service,/services/adblue-scr-repair/melbourne/,AdBlue / SCR System Repair in Melbourne,adblue / scr system repair melbourne,adblue / scr system repair near me melbourne | adblue / scr system repair vic | best adblue / scr system repair melbourne,P1,/diesel-mechanics/melbourne/,Needs >=5 verified local providers before publish
2,city-service,/services/diesel-injector-replacement/melbourne/,Diesel Injector Replacement in Melbourne,diesel injector replacement melbourne,diesel injector replacement near me melbourne | diesel injector replacement vic | best diesel injector replacement melbourne,P0,/diesel-mechanics/melbourne/,Needs >=5 verified local providers before publish
2,city-service,/services/diesel-injector-testing/melbourne/,Diesel Injector Testing in Melbourne,diesel injector testing melbourne,diesel injector testing near me melbourne | diesel injector testing vic | best diesel injector testing melbourne,P1,/diesel-mechanics/melbourne/,Needs >=5 verified local providers before publish
2,city-service,/services/diesel-fuel-pump-repair/melbourne/,Diesel Fuel Pump Repair in Melbourne,diesel fuel pump repair melbourne,diesel fuel pump repair near me melbourne | diesel fuel pump repair vic | best diesel fuel pump repair melbourne,P1,/diesel-mechanics/melbourne/,Needs >=5 verified local providers before publish
2,city-service,/services/common-rail-diagnostics/melbourne/,Common Rail Diagnostics in Melbourne,common rail diagnostics melbourne,common rail diagnostics near me melbourne | common rail diagnostics vic | best common rail diagnostics melbourne,P1,/diesel-mechanics/melbourne/,Needs >=5 verified local providers before publish
2,city-service,/services/turbo-repair/melbourne/,Turbocharger Repair in Melbourne,turbocharger repair melbourne,turbocharger repair near me melbourne | turbocharger repair vic | best turbocharger repair melbourne,P0,/diesel-mechanics/melbourne/,Needs >=5 verified local providers before publish
2,city-service,/services/turbo-replacement/melbourne/,Turbocharger Replacement in Melbourne,turbocharger replacement melbourne,turbocharger replacement near me melbourne | turbocharger replacement vic | best turbocharger replacement melbourne,P0,/diesel-mechanics/melbourne/,Needs >=5 verified local providers before publish
2,city-service,/services/cylinder-head-repair/melbourne/,Cylinder Head Repair in Melbourne,cylinder head repair melbourne,cylinder head repair near me melbourne | cylinder head repair vic | best cylinder head repair melbourne,P0,/diesel-mechanics/melbourne/,Needs >=5 verified local providers before publish
2,city-service,/services/head-gasket-replacement/melbourne/,Head Gasket Replacement in Melbourne,head gasket replacement melbourne,head gasket replacement near me melbourne | head gasket replacement vic | best head gasket replacement melbourne,P0,/diesel-mechanics/melbourne/,Needs >=5 verified local providers before publish
2,city-service,/services/engine-block-machining/melbourne/,Engine Block Machining in Melbourne,engine block machining melbourne,engine block machining near me melbourne | engine block machining vic | best engine block machining melbourne,P1,/diesel-mechanics/melbourne/,Needs >=5 verified local providers before publish
2,city-service,/services/timing-chain-belt-replacement/melbourne/,Timing Chain & Belt Replacement in Melbourne,timing chain & belt replacement melbourne,timing chain & belt replacement near me melbourne | timing chain & belt replacement vic | best timing chain & belt replacement melbourne,P1,/diesel-mechanics/melbourne/,Needs >=5 verified local providers before publish
2,city-service,/services/diesel-engine-swap/melbourne/,Diesel Engine Swap / Replacement in Melbourne,diesel engine swap / replacement melbourne,diesel engine swap / replacement near me melbourne | diesel engine swap / replacement vic | best diesel engine swap / replacement melbourne,P0,/diesel-mechanics/melbourne/,Needs >=5 verified local providers before publish
2,city-service,/services/diesel-tuning/melbourne/,Diesel Tuning & ECU Remapping in Melbourne,diesel tuning & ecu remapping melbourne,diesel tuning & ecu remapping near me melbourne | diesel tuning & ecu remapping vic | best diesel tuning & ecu remapping melbourne,P1,/diesel-mechanics/melbourne/,Needs >=5 verified local providers before publish
2,city-service,/services/diesel-servicing/melbourne/,Diesel Servicing & Log Book Service in Melbourne,diesel servicing & log book service melbourne,diesel servicing & log book service near me melbourne | diesel servicing & log book service vic | best diesel servicing & log book service melbourne,P1,/diesel-mechanics/melbourne/,Needs >=5 verified local providers before publish
2,city-service,/services/diesel-engine-diagnostics/melbourne/,Diesel Engine Diagnostics in Melbourne,diesel engine diagnostics melbourne,diesel engine diagnostics near me melbourne | diesel engine diagnostics vic | best diesel engine diagnostics melbourne,P1,/diesel-mechanics/melbourne/,Needs >=5 verified local providers before publish
2,city-service,/services/mobile-diesel-mechanic/melbourne/,Mobile Diesel Mechanic in Melbourne,mobile diesel mechanic melbourne,mobile diesel mechanic near me melbourne | mobile diesel mechanic vic | best mobile diesel mechanic melbourne,P0,/diesel-mechanics/melbourne/,Needs >=5 verified local providers before publish
2,city-service,/services/emergency-diesel-repair/melbourne/,Emergency & Roadside Diesel Repair in Melbourne,emergency & roadside diesel repair melbourne,emergency & roadside diesel repair near me melbourne | emergency & roadside diesel repair vic | best emergency & roadside diesel repair melbourne,P1,/diesel-mechanics/melbourne/,Needs >=5 verified local providers before publish
2,city-service,/services/truck-diesel-mechanic/melbourne/,Truck & Heavy Vehicle Diesel Mechanic in Melbourne,truck & heavy vehicle diesel mechanic melbourne,truck & heavy vehicle diesel mechanic near me melbourne | truck & heavy vehicle diesel mechanic vic | best truck & heavy vehicle diesel mechanic melbourne,P0,/diesel-mechanics/melbourne/,Needs >=5 verified local providers before publish
2,city-service,/services/4wd-diesel-specialist/melbourne/,4WD & Ute Diesel Specialist in Melbourne,4wd & ute diesel specialist melbourne,4wd & ute diesel specialist near me melbourne | 4wd & ute diesel specialist vic | best 4wd & ute diesel specialist melbourne,P0,/diesel-mechanics/melbourne/,Needs >=5 verified local providers before publish
2,city-service,/services/marine-diesel-mechanic/melbourne/,Marine Diesel Mechanic in Melbourne,marine diesel mechanic melbourne,marine diesel mechanic near me melbourne | marine diesel mechanic vic | best marine diesel mechanic melbourne,P1,/diesel-mechanics/melbourne/,Needs >=5 verified local providers before publish
2,city-service,/services/diesel-mechanic/brisbane/,Diesel Mechanic in Brisbane,diesel mechanic brisbane,diesel mechanic near me brisbane | diesel mechanic qld | best diesel mechanic brisbane,P0,/diesel-mechanics/brisbane/,Needs >=5 verified local providers before publish
2,city-service,/services/diesel-engine-rebuild/brisbane/,Diesel Engine Rebuild in Brisbane,diesel engine rebuild brisbane,diesel engine rebuild near me brisbane | diesel engine rebuild qld | best diesel engine rebuild brisbane,P0,/diesel-mechanics/brisbane/,Needs >=5 verified local providers before publish
2,city-service,/services/diesel-engine-reconditioning/brisbane/,Diesel Engine Reconditioning in Brisbane,diesel engine reconditioning brisbane,diesel engine reconditioning near me brisbane | diesel engine reconditioning qld | best diesel engine reconditioning brisbane,P0,/diesel-mechanics/brisbane/,Needs >=5 verified local providers before publish
2,city-service,/services/dpf-cleaning/brisbane/,DPF Cleaning in Brisbane,dpf cleaning brisbane,dpf cleaning near me brisbane | dpf cleaning qld | best dpf cleaning brisbane,P0,/diesel-mechanics/brisbane/,Needs >=5 verified local providers before publish
2,city-service,/services/egr-cleaning/brisbane/,EGR Cleaning in Brisbane,egr cleaning brisbane,egr cleaning near me brisbane | egr cleaning qld | best egr cleaning brisbane,P1,/diesel-mechanics/brisbane/,Needs >=5 verified local providers before publish
2,city-service,/services/adblue-scr-repair/brisbane/,AdBlue / SCR System Repair in Brisbane,adblue / scr system repair brisbane,adblue / scr system repair near me brisbane | adblue / scr system repair qld | best adblue / scr system repair brisbane,P1,/diesel-mechanics/brisbane/,Needs >=5 verified local providers before publish
2,city-service,/services/diesel-injector-replacement/brisbane/,Diesel Injector Replacement in Brisbane,diesel injector replacement brisbane,diesel injector replacement near me brisbane | diesel injector replacement qld | best diesel injector replacement brisbane,P0,/diesel-mechanics/brisbane/,Needs >=5 verified local providers before publish
2,city-service,/services/diesel-injector-testing/brisbane/,Diesel Injector Testing in Brisbane,diesel injector testing brisbane,diesel injector testing near me brisbane | diesel injector testing qld | best diesel injector testing brisbane,P1,/diesel-mechanics/brisbane/,Needs >=5 verified local providers before publish
2,city-service,/services/diesel-fuel-pump-repair/brisbane/,Diesel Fuel Pump Repair in Brisbane,diesel fuel pump repair brisbane,diesel fuel pump repair near me brisbane | diesel fuel pump repair qld | best diesel fuel pump repair brisbane,P1,/diesel-mechanics/brisbane/,Needs >=5 verified local providers before publish
2,city-service,/services/common-rail-diagnostics/brisbane/,Common Rail Diagnostics in Brisbane,common rail diagnostics brisbane,common rail diagnostics near me brisbane | common rail diagnostics qld | best common rail diagnostics brisbane,P1,/diesel-mechanics/brisbane/,Needs >=5 verified local providers before publish
2,city-service,/services/turbo-repair/brisbane/,Turbocharger Repair in Brisbane,turbocharger repair brisbane,turbocharger repair near me brisbane | turbocharger repair qld | best turbocharger repair brisbane,P0,/diesel-mechanics/brisbane/,Needs >=5 verified local providers before publish
2,city-service,/services/turbo-replacement/brisbane/,Turbocharger Replacement in Brisbane,turbocharger replacement brisbane,turbocharger replacement near me brisbane | turbocharger replacement qld | best turbocharger replacement brisbane,P0,/diesel-mechanics/brisbane/,Needs >=5 verified local providers before publish
2,city-service,/services/cylinder-head-repair/brisbane/,Cylinder Head Repair in Brisbane,cylinder head repair brisbane,cylinder head repair near me brisbane | cylinder head repair qld | best cylinder head repair brisbane,P0,/diesel-mechanics/brisbane/,Needs >=5 verified local providers before publish
2,city-service,/services/head-gasket-replacement/brisbane/,Head Gasket Replacement in Brisbane,head gasket replacement brisbane,head gasket replacement near me brisbane | head gasket replacement qld | best head gasket replacement brisbane,P0,/diesel-mechanics/brisbane/,Needs >=5 verified local providers before publish
2,city-service,/services/engine-block-machining/brisbane/,Engine Block Machining in Brisbane,engine block machining brisbane,engine block machining near me brisbane | engine block machining qld | best engine block machining brisbane,P1,/diesel-mechanics/brisbane/,Needs >=5 verified local providers before publish
2,city-service,/services/timing-chain-belt-replacement/brisbane/,Timing Chain & Belt Replacement in Brisbane,timing chain & belt replacement brisbane,timing chain & belt replacement near me brisbane | timing chain & belt replacement qld | best timing chain & belt replacement brisbane,P1,/diesel-mechanics/brisbane/,Needs >=5 verified local providers before publish
2,city-service,/services/diesel-engine-swap/brisbane/,Diesel Engine Swap / Replacement in Brisbane,diesel engine swap / replacement brisbane,diesel engine swap / replacement near me brisbane | diesel engine swap / replacement qld | best diesel engine swap / replacement brisbane,P0,/diesel-mechanics/brisbane/,Needs >=5 verified local providers before publish
2,city-service,/services/diesel-tuning/brisbane/,Diesel Tuning & ECU Remapping in Brisbane,diesel tuning & ecu remapping brisbane,diesel tuning & ecu remapping near me brisbane | diesel tuning & ecu remapping qld | best diesel tuning & ecu remapping brisbane,P1,/diesel-mechanics/brisbane/,Needs >=5 verified local providers before publish
2,city-service,/services/diesel-servicing/brisbane/,Diesel Servicing & Log Book Service in Brisbane,diesel servicing & log book service brisbane,diesel servicing & log book service near me brisbane | diesel servicing & log book service qld | best diesel servicing & log book service brisbane,P1,/diesel-mechanics/brisbane/,Needs >=5 verified local providers before publish
2,city-service,/services/diesel-engine-diagnostics/brisbane/,Diesel Engine Diagnostics in Brisbane,diesel engine diagnostics brisbane,diesel engine diagnostics near me brisbane | diesel engine diagnostics qld | best diesel engine diagnostics brisbane,P1,/diesel-mechanics/brisbane/,Needs >=5 verified local providers before publish
2,city-service,/services/mobile-diesel-mechanic/brisbane/,Mobile Diesel Mechanic in Brisbane,mobile diesel mechanic brisbane,mobile diesel mechanic near me brisbane | mobile diesel mechanic qld | best mobile diesel mechanic brisbane,P0,/diesel-mechanics/brisbane/,Needs >=5 verified local providers before publish
2,city-service,/services/emergency-diesel-repair/brisbane/,Emergency & Roadside Diesel Repair in Brisbane,emergency & roadside diesel repair brisbane,emergency & roadside diesel repair near me brisbane | emergency & roadside diesel repair qld | best emergency & roadside diesel repair brisbane,P1,/diesel-mechanics/brisbane/,Needs >=5 verified local providers before publish
2,city-service,/services/truck-diesel-mechanic/brisbane/,Truck & Heavy Vehicle Diesel Mechanic in Brisbane,truck & heavy vehicle diesel mechanic brisbane,truck & heavy vehicle diesel mechanic near me brisbane | truck & heavy vehicle diesel mechanic qld | best truck & heavy vehicle diesel mechanic brisbane,P0,/diesel-mechanics/brisbane/,Needs >=5 verified local providers before publish
2,city-service,/services/4wd-diesel-specialist/brisbane/,4WD & Ute Diesel Specialist in Brisbane,4wd & ute diesel specialist brisbane,4wd & ute diesel specialist near me brisbane | 4wd & ute diesel specialist qld | best 4wd & ute diesel specialist brisbane,P0,/diesel-mechanics/brisbane/,Needs >=5 verified local providers before publish
2,city-service,/services/marine-diesel-mechanic/brisbane/,Marine Diesel Mechanic in Brisbane,marine diesel mechanic brisbane,marine diesel mechanic near me brisbane | marine diesel mechanic qld | best marine diesel mechanic brisbane,P1,/diesel-mechanics/brisbane/,Needs >=5 verified local providers before publish
2,city-service,/services/diesel-mechanic/perth/,Diesel Mechanic in Perth,diesel mechanic perth,diesel mechanic near me perth | diesel mechanic wa | best diesel mechanic perth,P0,/diesel-mechanics/perth/,Needs >=5 verified local providers before publish
2,city-service,/services/diesel-engine-rebuild/perth/,Diesel Engine Rebuild in Perth,diesel engine rebuild perth,diesel engine rebuild near me perth | diesel engine rebuild wa | best diesel engine rebuild perth,P0,/diesel-mechanics/perth/,Needs >=5 verified local providers before publish
2,city-service,/services/diesel-engine-reconditioning/perth/,Diesel Engine Reconditioning in Perth,diesel engine reconditioning perth,diesel engine reconditioning near me perth | diesel engine reconditioning wa | best diesel engine reconditioning perth,P0,/diesel-mechanics/perth/,Needs >=5 verified local providers before publish
2,city-service,/services/dpf-cleaning/perth/,DPF Cleaning in Perth,dpf cleaning perth,dpf cleaning near me perth | dpf cleaning wa | best dpf cleaning perth,P0,/diesel-mechanics/perth/,Needs >=5 verified local providers before publish
2,city-service,/services/egr-cleaning/perth/,EGR Cleaning in Perth,egr cleaning perth,egr cleaning near me perth | egr cleaning wa | best egr cleaning perth,P1,/diesel-mechanics/perth/,Needs >=5 verified local providers before publish
2,city-service,/services/adblue-scr-repair/perth/,AdBlue / SCR System Repair in Perth,adblue / scr system repair perth,adblue / scr system repair near me perth | adblue / scr system repair wa | best adblue / scr system repair perth,P1,/diesel-mechanics/perth/,Needs >=5 verified local providers before publish
2,city-service,/services/diesel-injector-replacement/perth/,Diesel Injector Replacement in Perth,diesel injector replacement perth,diesel injector replacement near me perth | diesel injector replacement wa | best diesel injector replacement perth,P0,/diesel-mechanics/perth/,Needs >=5 verified local providers before publish
2,city-service,/services/diesel-injector-testing/perth/,Diesel Injector Testing in Perth,diesel injector testing perth,diesel injector testing near me perth | diesel injector testing wa | best diesel injector testing perth,P1,/diesel-mechanics/perth/,Needs >=5 verified local providers before publish
2,city-service,/services/diesel-fuel-pump-repair/perth/,Diesel Fuel Pump Repair in Perth,diesel fuel pump repair perth,diesel fuel pump repair near me perth | diesel fuel pump repair wa | best diesel fuel pump repair perth,P1,/diesel-mechanics/perth/,Needs >=5 verified local providers before publish
2,city-service,/services/common-rail-diagnostics/perth/,Common Rail Diagnostics in Perth,common rail diagnostics perth,common rail diagnostics near me perth | common rail diagnostics wa | best common rail diagnostics perth,P1,/diesel-mechanics/perth/,Needs >=5 verified local providers before publish
2,city-service,/services/turbo-repair/perth/,Turbocharger Repair in Perth,turbocharger repair perth,turbocharger repair near me perth | turbocharger repair wa | best turbocharger repair perth,P0,/diesel-mechanics/perth/,Needs >=5 verified local providers before publish
2,city-service,/services/turbo-replacement/perth/,Turbocharger Replacement in Perth,turbocharger replacement perth,turbocharger replacement near me perth | turbocharger replacement wa | best turbocharger replacement perth,P0,/diesel-mechanics/perth/,Needs >=5 verified local providers before publish
2,city-service,/services/cylinder-head-repair/perth/,Cylinder Head Repair in Perth,cylinder head repair perth,cylinder head repair near me perth | cylinder head repair wa | best cylinder head repair perth,P0,/diesel-mechanics/perth/,Needs >=5 verified local providers before publish
2,city-service,/services/head-gasket-replacement/perth/,Head Gasket Replacement in Perth,head gasket replacement perth,head gasket replacement near me perth | head gasket replacement wa | best head gasket replacement perth,P0,/diesel-mechanics/perth/,Needs >=5 verified local providers before publish
2,city-service,/services/engine-block-machining/perth/,Engine Block Machining in Perth,engine block machining perth,engine block machining near me perth | engine block machining wa | best engine block machining perth,P1,/diesel-mechanics/perth/,Needs >=5 verified local providers before publish
2,city-service,/services/timing-chain-belt-replacement/perth/,Timing Chain & Belt Replacement in Perth,timing chain & belt replacement perth,timing chain & belt replacement near me perth | timing chain & belt replacement wa | best timing chain & belt replacement perth,P1,/diesel-mechanics/perth/,Needs >=5 verified local providers before publish
2,city-service,/services/diesel-engine-swap/perth/,Diesel Engine Swap / Replacement in Perth,diesel engine swap / replacement perth,diesel engine swap / replacement near me perth | diesel engine swap / replacement wa | best diesel engine swap / replacement perth,P0,/diesel-mechanics/perth/,Needs >=5 verified local providers before publish
2,city-service,/services/diesel-tuning/perth/,Diesel Tuning & ECU Remapping in Perth,diesel tuning & ecu remapping perth,diesel tuning & ecu remapping near me perth | diesel tuning & ecu remapping wa | best diesel tuning & ecu remapping perth,P1,/diesel-mechanics/perth/,Needs >=5 verified local providers before publish
2,city-service,/services/diesel-servicing/perth/,Diesel Servicing & Log Book Service in Perth,diesel servicing & log book service perth,diesel servicing & log book service near me perth | diesel servicing & log book service wa | best diesel servicing & log book service perth,P1,/diesel-mechanics/perth/,Needs >=5 verified local providers before publish
2,city-service,/services/diesel-engine-diagnostics/perth/,Diesel Engine Diagnostics in Perth,diesel engine diagnostics perth,diesel engine diagnostics near me perth | diesel engine diagnostics wa | best diesel engine diagnostics perth,P1,/diesel-mechanics/perth/,Needs >=5 verified local providers before publish
2,city-service,/services/mobile-diesel-mechanic/perth/,Mobile Diesel Mechanic in Perth,mobile diesel mechanic perth,mobile diesel mechanic near me perth | mobile diesel mechanic wa | best mobile diesel mechanic perth,P0,/diesel-mechanics/perth/,Needs >=5 verified local providers before publish
2,city-service,/services/emergency-diesel-repair/perth/,Emergency & Roadside Diesel Repair in Perth,emergency & roadside diesel repair perth,emergency & roadside diesel repair near me perth | emergency & roadside diesel repair wa | best emergency & roadside diesel repair perth,P1,/diesel-mechanics/perth/,Needs >=5 verified local providers before publish
2,city-service,/services/truck-diesel-mechanic/perth/,Truck & Heavy Vehicle Diesel Mechanic in Perth,truck & heavy vehicle diesel mechanic perth,truck & heavy vehicle diesel mechanic near me perth | truck & heavy vehicle diesel mechanic wa | best truck & heavy vehicle diesel mechanic perth,P0,/diesel-mechanics/perth/,Needs >=5 verified local providers before publish
2,city-service,/services/4wd-diesel-specialist/perth/,4WD & Ute Diesel Specialist in Perth,4wd & ute diesel specialist perth,4wd & ute diesel specialist near me perth | 4wd & ute diesel specialist wa | best 4wd & ute diesel specialist perth,P0,/diesel-mechanics/perth/,Needs >=5 verified local providers before publish
2,city-service,/services/marine-diesel-mechanic/perth/,Marine Diesel Mechanic in Perth,marine diesel mechanic perth,marine diesel mechanic near me perth | marine diesel mechanic wa | best marine diesel mechanic perth,P1,/diesel-mechanics/perth/,Needs >=5 verified local providers before publish
2,city-service,/services/earthmoving-plant-diesel/perth/,Earthmoving & Plant Diesel Repair in Perth,earthmoving & plant diesel repair perth,earthmoving & plant diesel repair near me perth | earthmoving & plant diesel repair wa | best earthmoving & plant diesel repair perth,P1,/diesel-mechanics/perth/,Needs >=5 verified local providers before publish
2,city-service,/services/diesel-mechanic/adelaide/,Diesel Mechanic in Adelaide,diesel mechanic adelaide,diesel mechanic near me adelaide | diesel mechanic sa | best diesel mechanic adelaide,P0,/diesel-mechanics/adelaide/,Needs >=5 verified local providers before publish
2,city-service,/services/diesel-engine-rebuild/adelaide/,Diesel Engine Rebuild in Adelaide,diesel engine rebuild adelaide,diesel engine rebuild near me adelaide | diesel engine rebuild sa | best diesel engine rebuild adelaide,P0,/diesel-mechanics/adelaide/,Needs >=5 verified local providers before publish
2,city-service,/services/diesel-engine-reconditioning/adelaide/,Diesel Engine Reconditioning in Adelaide,diesel engine reconditioning adelaide,diesel engine reconditioning near me adelaide | diesel engine reconditioning sa | best diesel engine reconditioning adelaide,P0,/diesel-mechanics/adelaide/,Needs >=5 verified local providers before publish
2,city-service,/services/dpf-cleaning/adelaide/,DPF Cleaning in Adelaide,dpf cleaning adelaide,dpf cleaning near me adelaide | dpf cleaning sa | best dpf cleaning adelaide,P0,/diesel-mechanics/adelaide/,Needs >=5 verified local providers before publish
2,city-service,/services/egr-cleaning/adelaide/,EGR Cleaning in Adelaide,egr cleaning adelaide,egr cleaning near me adelaide | egr cleaning sa | best egr cleaning adelaide,P1,/diesel-mechanics/adelaide/,Needs >=5 verified local providers before publish
2,city-service,/services/adblue-scr-repair/adelaide/,AdBlue / SCR System Repair in Adelaide,adblue / scr system repair adelaide,adblue / scr system repair near me adelaide | adblue / scr system repair sa | best adblue / scr system repair adelaide,P1,/diesel-mechanics/adelaide/,Needs >=5 verified local providers before publish
2,city-service,/services/diesel-injector-replacement/adelaide/,Diesel Injector Replacement in Adelaide,diesel injector replacement adelaide,diesel injector replacement near me adelaide | diesel injector replacement sa | best diesel injector replacement adelaide,P0,/diesel-mechanics/adelaide/,Needs >=5 verified local providers before publish
2,city-service,/services/diesel-injector-testing/adelaide/,Diesel Injector Testing in Adelaide,diesel injector testing adelaide,diesel injector testing near me adelaide | diesel injector testing sa | best diesel injector testing adelaide,P1,/diesel-mechanics/adelaide/,Needs >=5 verified local providers before publish
2,city-service,/services/diesel-fuel-pump-repair/adelaide/,Diesel Fuel Pump Repair in Adelaide,diesel fuel pump repair adelaide,diesel fuel pump repair near me adelaide | diesel fuel pump repair sa | best diesel fuel pump repair adelaide,P1,/diesel-mechanics/adelaide/,Needs >=5 verified local providers before publish
2,city-service,/services/common-rail-diagnostics/adelaide/,Common Rail Diagnostics in Adelaide,common rail diagnostics adelaide,common rail diagnostics near me adelaide | common rail diagnostics sa | best common rail diagnostics adelaide,P1,/diesel-mechanics/adelaide/,Needs >=5 verified local providers before publish
2,city-service,/services/turbo-repair/adelaide/,Turbocharger Repair in Adelaide,turbocharger repair adelaide,turbocharger repair near me adelaide | turbocharger repair sa | best turbocharger repair adelaide,P0,/diesel-mechanics/adelaide/,Needs >=5 verified local providers before publish
2,city-service,/services/turbo-replacement/adelaide/,Turbocharger Replacement in Adelaide,turbocharger replacement adelaide,turbocharger replacement near me adelaide | turbocharger replacement sa | best turbocharger replacement adelaide,P0,/diesel-mechanics/adelaide/,Needs >=5 verified local providers before publish
2,city-service,/services/cylinder-head-repair/adelaide/,Cylinder Head Repair in Adelaide,cylinder head repair adelaide,cylinder head repair near me adelaide | cylinder head repair sa | best cylinder head repair adelaide,P0,/diesel-mechanics/adelaide/,Needs >=5 verified local providers before publish
2,city-service,/services/head-gasket-replacement/adelaide/,Head Gasket Replacement in Adelaide,head gasket replacement adelaide,head gasket replacement near me adelaide | head gasket replacement sa | best head gasket replacement adelaide,P0,/diesel-mechanics/adelaide/,Needs >=5 verified local providers before publish
2,city-service,/services/engine-block-machining/adelaide/,Engine Block Machining in Adelaide,engine block machining adelaide,engine block machining near me adelaide | engine block machining sa | best engine block machining adelaide,P1,/diesel-mechanics/adelaide/,Needs >=5 verified local providers before publish
2,city-service,/services/timing-chain-belt-replacement/adelaide/,Timing Chain & Belt Replacement in Adelaide,timing chain & belt replacement adelaide,timing chain & belt replacement near me adelaide | timing chain & belt replacement sa | best timing chain & belt replacement adelaide,P1,/diesel-mechanics/adelaide/,Needs >=5 verified local providers before publish
2,city-service,/services/diesel-engine-swap/adelaide/,Diesel Engine Swap / Replacement in Adelaide,diesel engine swap / replacement adelaide,diesel engine swap / replacement near me adelaide | diesel engine swap / replacement sa | best diesel engine swap / replacement adelaide,P0,/diesel-mechanics/adelaide/,Needs >=5 verified local providers before publish
2,city-service,/services/diesel-tuning/adelaide/,Diesel Tuning & ECU Remapping in Adelaide,diesel tuning & ecu remapping adelaide,diesel tuning & ecu remapping near me adelaide | diesel tuning & ecu remapping sa | best diesel tuning & ecu remapping adelaide,P1,/diesel-mechanics/adelaide/,Needs >=5 verified local providers before publish
2,city-service,/services/diesel-servicing/adelaide/,Diesel Servicing & Log Book Service in Adelaide,diesel servicing & log book service adelaide,diesel servicing & log book service near me adelaide | diesel servicing & log book service sa | best diesel servicing & log book service adelaide,P1,/diesel-mechanics/adelaide/,Needs >=5 verified local providers before publish
2,city-service,/services/diesel-engine-diagnostics/adelaide/,Diesel Engine Diagnostics in Adelaide,diesel engine diagnostics adelaide,diesel engine diagnostics near me adelaide | diesel engine diagnostics sa | best diesel engine diagnostics adelaide,P1,/diesel-mechanics/adelaide/,Needs >=5 verified local providers before publish
2,city-service,/services/mobile-diesel-mechanic/adelaide/,Mobile Diesel Mechanic in Adelaide,mobile diesel mechanic adelaide,mobile diesel mechanic near me adelaide | mobile diesel mechanic sa | best mobile diesel mechanic adelaide,P0,/diesel-mechanics/adelaide/,Needs >=5 verified local providers before publish
2,city-service,/services/emergency-diesel-repair/adelaide/,Emergency & Roadside Diesel Repair in Adelaide,emergency & roadside diesel repair adelaide,emergency & roadside diesel repair near me adelaide | emergency & roadside diesel repair sa | best emergency & roadside diesel repair adelaide,P1,/diesel-mechanics/adelaide/,Needs >=5 verified local providers before publish
2,city-service,/services/truck-diesel-mechanic/adelaide/,Truck & Heavy Vehicle Diesel Mechanic in Adelaide,truck & heavy vehicle diesel mechanic adelaide,truck & heavy vehicle diesel mechanic near me adelaide | truck & heavy vehicle diesel mechanic sa | best truck & heavy vehicle diesel mechanic adelaide,P0,/diesel-mechanics/adelaide/,Needs >=5 verified local providers before publish
2,city-service,/services/4wd-diesel-specialist/adelaide/,4WD & Ute Diesel Specialist in Adelaide,4wd & ute diesel specialist adelaide,4wd & ute diesel specialist near me adelaide | 4wd & ute diesel specialist sa | best 4wd & ute diesel specialist adelaide,P0,/diesel-mechanics/adelaide/,Needs >=5 verified local providers before publish
2,city-service,/services/diesel-mechanic/gold-coast/,Diesel Mechanic in Gold Coast,diesel mechanic gold coast,diesel mechanic near me gold coast | diesel mechanic qld | best diesel mechanic gold coast,P0,/diesel-mechanics/gold-coast/,Needs >=5 verified local providers before publish
2,city-service,/services/diesel-engine-rebuild/gold-coast/,Diesel Engine Rebuild in Gold Coast,diesel engine rebuild gold coast,diesel engine rebuild near me gold coast | diesel engine rebuild qld | best diesel engine rebuild gold coast,P0,/diesel-mechanics/gold-coast/,Needs >=5 verified local providers before publish
2,city-service,/services/diesel-engine-reconditioning/gold-coast/,Diesel Engine Reconditioning in Gold Coast,diesel engine reconditioning gold coast,diesel engine reconditioning near me gold coast | diesel engine reconditioning qld | best diesel engine reconditioning gold coast,P0,/diesel-mechanics/gold-coast/,Needs >=5 verified local providers before publish
2,city-service,/services/dpf-cleaning/gold-coast/,DPF Cleaning in Gold Coast,dpf cleaning gold coast,dpf cleaning near me gold coast | dpf cleaning qld | best dpf cleaning gold coast,P0,/diesel-mechanics/gold-coast/,Needs >=5 verified local providers before publish
2,city-service,/services/egr-cleaning/gold-coast/,EGR Cleaning in Gold Coast,egr cleaning gold coast,egr cleaning near me gold coast | egr cleaning qld | best egr cleaning gold coast,P1,/diesel-mechanics/gold-coast/,Needs >=5 verified local providers before publish
2,city-service,/services/adblue-scr-repair/gold-coast/,AdBlue / SCR System Repair in Gold Coast,adblue / scr system repair gold coast,adblue / scr system repair near me gold coast | adblue / scr system repair qld | best adblue / scr system repair gold coast,P1,/diesel-mechanics/gold-coast/,Needs >=5 verified local providers before publish
2,city-service,/services/diesel-injector-replacement/gold-coast/,Diesel Injector Replacement in Gold Coast,diesel injector replacement gold coast,diesel injector replacement near me gold coast | diesel injector replacement qld | best diesel injector replacement gold coast,P0,/diesel-mechanics/gold-coast/,Needs >=5 verified local providers before publish
2,city-service,/services/diesel-injector-testing/gold-coast/,Diesel Injector Testing in Gold Coast,diesel injector testing gold coast,diesel injector testing near me gold coast | diesel injector testing qld | best diesel injector testing gold coast,P1,/diesel-mechanics/gold-coast/,Needs >=5 verified local providers before publish
2,city-service,/services/diesel-fuel-pump-repair/gold-coast/,Diesel Fuel Pump Repair in Gold Coast,diesel fuel pump repair gold coast,diesel fuel pump repair near me gold coast | diesel fuel pump repair qld | best diesel fuel pump repair gold coast,P1,/diesel-mechanics/gold-coast/,Needs >=5 verified local providers before publish
2,city-service,/services/common-rail-diagnostics/gold-coast/,Common Rail Diagnostics in Gold Coast,common rail diagnostics gold coast,common rail diagnostics near me gold coast | common rail diagnostics qld | best common rail diagnostics gold coast,P1,/diesel-mechanics/gold-coast/,Needs >=5 verified local providers before publish
2,city-service,/services/turbo-repair/gold-coast/,Turbocharger Repair in Gold Coast,turbocharger repair gold coast,turbocharger repair near me gold coast | turbocharger repair qld | best turbocharger repair gold coast,P0,/diesel-mechanics/gold-coast/,Needs >=5 verified local providers before publish
2,city-service,/services/turbo-replacement/gold-coast/,Turbocharger Replacement in Gold Coast,turbocharger replacement gold coast,turbocharger replacement near me gold coast | turbocharger replacement qld | best turbocharger replacement gold coast,P0,/diesel-mechanics/gold-coast/,Needs >=5 verified local providers before publish
2,city-service,/services/cylinder-head-repair/gold-coast/,Cylinder Head Repair in Gold Coast,cylinder head repair gold coast,cylinder head repair near me gold coast | cylinder head repair qld | best cylinder head repair gold coast,P0,/diesel-mechanics/gold-coast/,Needs >=5 verified local providers before publish
2,city-service,/services/head-gasket-replacement/gold-coast/,Head Gasket Replacement in Gold Coast,head gasket replacement gold coast,head gasket replacement near me gold coast | head gasket replacement qld | best head gasket replacement gold coast,P0,/diesel-mechanics/gold-coast/,Needs >=5 verified local providers before publish
2,city-service,/services/engine-block-machining/gold-coast/,Engine Block Machining in Gold Coast,engine block machining gold coast,engine block machining near me gold coast | engine block machining qld | best engine block machining gold coast,P1,/diesel-mechanics/gold-coast/,Needs >=5 verified local providers before publish
2,city-service,/services/timing-chain-belt-replacement/gold-coast/,Timing Chain & Belt Replacement in Gold Coast,timing chain & belt replacement gold coast,timing chain & belt replacement near me gold coast | timing chain & belt replacement qld | best timing chain & belt replacement gold coast,P1,/diesel-mechanics/gold-coast/,Needs >=5 verified local providers before publish
2,city-service,/services/diesel-engine-swap/gold-coast/,Diesel Engine Swap / Replacement in Gold Coast,diesel engine swap / replacement gold coast,diesel engine swap / replacement near me gold coast | diesel engine swap / replacement qld | best diesel engine swap / replacement gold coast,P0,/diesel-mechanics/gold-coast/,Needs >=5 verified local providers before publish
2,city-service,/services/diesel-tuning/gold-coast/,Diesel Tuning & ECU Remapping in Gold Coast,diesel tuning & ecu remapping gold coast,diesel tuning & ecu remapping near me gold coast | diesel tuning & ecu remapping qld | best diesel tuning & ecu remapping gold coast,P1,/diesel-mechanics/gold-coast/,Needs >=5 verified local providers before publish
2,city-service,/services/diesel-servicing/gold-coast/,Diesel Servicing & Log Book Service in Gold Coast,diesel servicing & log book service gold coast,diesel servicing & log book service near me gold coast | diesel servicing & log book service qld | best diesel servicing & log book service gold coast,P1,/diesel-mechanics/gold-coast/,Needs >=5 verified local providers before publish
2,city-service,/services/diesel-engine-diagnostics/gold-coast/,Diesel Engine Diagnostics in Gold Coast,diesel engine diagnostics gold coast,diesel engine diagnostics near me gold coast | diesel engine diagnostics qld | best diesel engine diagnostics gold coast,P1,/diesel-mechanics/gold-coast/,Needs >=5 verified local providers before publish
2,city-service,/services/mobile-diesel-mechanic/gold-coast/,Mobile Diesel Mechanic in Gold Coast,mobile diesel mechanic gold coast,mobile diesel mechanic near me gold coast | mobile diesel mechanic qld | best mobile diesel mechanic gold coast,P0,/diesel-mechanics/gold-coast/,Needs >=5 verified local providers before publish
2,city-service,/services/emergency-diesel-repair/gold-coast/,Emergency & Roadside Diesel Repair in Gold Coast,emergency & roadside diesel repair gold coast,emergency & roadside diesel repair near me gold coast | emergency & roadside diesel repair qld | best emergency & roadside diesel repair gold coast,P1,/diesel-mechanics/gold-coast/,Needs >=5 verified local providers before publish
2,city-service,/services/truck-diesel-mechanic/gold-coast/,Truck & Heavy Vehicle Diesel Mechanic in Gold Coast,truck & heavy vehicle diesel mechanic gold coast,truck & heavy vehicle diesel mechanic near me gold coast | truck & heavy vehicle diesel mechanic qld | best truck & heavy vehicle diesel mechanic gold coast,P0,/diesel-mechanics/gold-coast/,Needs >=5 verified local providers before publish
2,city-service,/services/4wd-diesel-specialist/gold-coast/,4WD & Ute Diesel Specialist in Gold Coast,4wd & ute diesel specialist gold coast,4wd & ute diesel specialist near me gold coast | 4wd & ute diesel specialist qld | best 4wd & ute diesel specialist gold coast,P0,/diesel-mechanics/gold-coast/,Needs >=5 verified local providers before publish
2,city-service,/services/marine-diesel-mechanic/gold-coast/,Marine Diesel Mechanic in Gold Coast,marine diesel mechanic gold coast,marine diesel mechanic near me gold coast | marine diesel mechanic qld | best marine diesel mechanic gold coast,P1,/diesel-mechanics/gold-coast/,Needs >=5 verified local providers before publish
2,city-service,/services/diesel-mechanic/newcastle/,Diesel Mechanic in Newcastle,diesel mechanic newcastle,diesel mechanic near me newcastle | diesel mechanic nsw | best diesel mechanic newcastle,P0,/diesel-mechanics/newcastle/,Needs >=5 verified local providers before publish
2,city-service,/services/diesel-engine-rebuild/newcastle/,Diesel Engine Rebuild in Newcastle,diesel engine rebuild newcastle,diesel engine rebuild near me newcastle | diesel engine rebuild nsw | best diesel engine rebuild newcastle,P0,/diesel-mechanics/newcastle/,Needs >=5 verified local providers before publish
2,city-service,/services/diesel-engine-reconditioning/newcastle/,Diesel Engine Reconditioning in Newcastle,diesel engine reconditioning newcastle,diesel engine reconditioning near me newcastle | diesel engine reconditioning nsw | best diesel engine reconditioning newcastle,P0,/diesel-mechanics/newcastle/,Needs >=5 verified local providers before publish
2,city-service,/services/dpf-cleaning/newcastle/,DPF Cleaning in Newcastle,dpf cleaning newcastle,dpf cleaning near me newcastle | dpf cleaning nsw | best dpf cleaning newcastle,P0,/diesel-mechanics/newcastle/,Needs >=5 verified local providers before publish
2,city-service,/services/egr-cleaning/newcastle/,EGR Cleaning in Newcastle,egr cleaning newcastle,egr cleaning near me newcastle | egr cleaning nsw | best egr cleaning newcastle,P1,/diesel-mechanics/newcastle/,Needs >=5 verified local providers before publish
2,city-service,/services/adblue-scr-repair/newcastle/,AdBlue / SCR System Repair in Newcastle,adblue / scr system repair newcastle,adblue / scr system repair near me newcastle | adblue / scr system repair nsw | best adblue / scr system repair newcastle,P1,/diesel-mechanics/newcastle/,Needs >=5 verified local providers before publish
2,city-service,/services/diesel-injector-replacement/newcastle/,Diesel Injector Replacement in Newcastle,diesel injector replacement newcastle,diesel injector replacement near me newcastle | diesel injector replacement nsw | best diesel injector replacement newcastle,P0,/diesel-mechanics/newcastle/,Needs >=5 verified local providers before publish
2,city-service,/services/diesel-injector-testing/newcastle/,Diesel Injector Testing in Newcastle,diesel injector testing newcastle,diesel injector testing near me newcastle | diesel injector testing nsw | best diesel injector testing newcastle,P1,/diesel-mechanics/newcastle/,Needs >=5 verified local providers before publish
2,city-service,/services/diesel-fuel-pump-repair/newcastle/,Diesel Fuel Pump Repair in Newcastle,diesel fuel pump repair newcastle,diesel fuel pump repair near me newcastle | diesel fuel pump repair nsw | best diesel fuel pump repair newcastle,P1,/diesel-mechanics/newcastle/,Needs >=5 verified local providers before publish
2,city-service,/services/common-rail-diagnostics/newcastle/,Common Rail Diagnostics in Newcastle,common rail diagnostics newcastle,common rail diagnostics near me newcastle | common rail diagnostics nsw | best common rail diagnostics newcastle,P1,/diesel-mechanics/newcastle/,Needs >=5 verified local providers before publish
2,city-service,/services/turbo-repair/newcastle/,Turbocharger Repair in Newcastle,turbocharger repair newcastle,turbocharger repair near me newcastle | turbocharger repair nsw | best turbocharger repair newcastle,P0,/diesel-mechanics/newcastle/,Needs >=5 verified local providers before publish
2,city-service,/services/turbo-replacement/newcastle/,Turbocharger Replacement in Newcastle,turbocharger replacement newcastle,turbocharger replacement near me newcastle | turbocharger replacement nsw | best turbocharger replacement newcastle,P0,/diesel-mechanics/newcastle/,Needs >=5 verified local providers before publish
2,city-service,/services/cylinder-head-repair/newcastle/,Cylinder Head Repair in Newcastle,cylinder head repair newcastle,cylinder head repair near me newcastle | cylinder head repair nsw | best cylinder head repair newcastle,P0,/diesel-mechanics/newcastle/,Needs >=5 verified local providers before publish
2,city-service,/services/head-gasket-replacement/newcastle/,Head Gasket Replacement in Newcastle,head gasket replacement newcastle,head gasket replacement near me newcastle | head gasket replacement nsw | best head gasket replacement newcastle,P0,/diesel-mechanics/newcastle/,Needs >=5 verified local providers before publish
2,city-service,/services/engine-block-machining/newcastle/,Engine Block Machining in Newcastle,engine block machining newcastle,engine block machining near me newcastle | engine block machining nsw | best engine block machining newcastle,P1,/diesel-mechanics/newcastle/,Needs >=5 verified local providers before publish
2,city-service,/services/timing-chain-belt-replacement/newcastle/,Timing Chain & Belt Replacement in Newcastle,timing chain & belt replacement newcastle,timing chain & belt replacement near me newcastle | timing chain & belt replacement nsw | best timing chain & belt replacement newcastle,P1,/diesel-mechanics/newcastle/,Needs >=5 verified local providers before publish
2,city-service,/services/diesel-engine-swap/newcastle/,Diesel Engine Swap / Replacement in Newcastle,diesel engine swap / replacement newcastle,diesel engine swap / replacement near me newcastle | diesel engine swap / replacement nsw | best diesel engine swap / replacement newcastle,P0,/diesel-mechanics/newcastle/,Needs >=5 verified local providers before publish
2,city-service,/services/diesel-tuning/newcastle/,Diesel Tuning & ECU Remapping in Newcastle,diesel tuning & ecu remapping newcastle,diesel tuning & ecu remapping near me newcastle | diesel tuning & ecu remapping nsw | best diesel tuning & ecu remapping newcastle,P1,/diesel-mechanics/newcastle/,Needs >=5 verified local providers before publish
2,city-service,/services/diesel-servicing/newcastle/,Diesel Servicing & Log Book Service in Newcastle,diesel servicing & log book service newcastle,diesel servicing & log book service near me newcastle | diesel servicing & log book service nsw | best diesel servicing & log book service newcastle,P1,/diesel-mechanics/newcastle/,Needs >=5 verified local providers before publish
2,city-service,/services/diesel-engine-diagnostics/newcastle/,Diesel Engine Diagnostics in Newcastle,diesel engine diagnostics newcastle,diesel engine diagnostics near me newcastle | diesel engine diagnostics nsw | best diesel engine diagnostics newcastle,P1,/diesel-mechanics/newcastle/,Needs >=5 verified local providers before publish
2,city-service,/services/mobile-diesel-mechanic/newcastle/,Mobile Diesel Mechanic in Newcastle,mobile diesel mechanic newcastle,mobile diesel mechanic near me newcastle | mobile diesel mechanic nsw | best mobile diesel mechanic newcastle,P0,/diesel-mechanics/newcastle/,Needs >=5 verified local providers before publish
2,city-service,/services/emergency-diesel-repair/newcastle/,Emergency & Roadside Diesel Repair in Newcastle,emergency & roadside diesel repair newcastle,emergency & roadside diesel repair near me newcastle | emergency & roadside diesel repair nsw | best emergency & roadside diesel repair newcastle,P1,/diesel-mechanics/newcastle/,Needs >=5 verified local providers before publish
2,city-service,/services/truck-diesel-mechanic/newcastle/,Truck & Heavy Vehicle Diesel Mechanic in Newcastle,truck & heavy vehicle diesel mechanic newcastle,truck & heavy vehicle diesel mechanic near me newcastle | truck & heavy vehicle diesel mechanic nsw | best truck & heavy vehicle diesel mechanic newcastle,P0,/diesel-mechanics/newcastle/,Needs >=5 verified local providers before publish
2,city-service,/services/4wd-diesel-specialist/newcastle/,4WD & Ute Diesel Specialist in Newcastle,4wd & ute diesel specialist newcastle,4wd & ute diesel specialist near me newcastle | 4wd & ute diesel specialist nsw | best 4wd & ute diesel specialist newcastle,P0,/diesel-mechanics/newcastle/,Needs >=5 verified local providers before publish
2,city-service,/services/marine-diesel-mechanic/newcastle/,Marine Diesel Mechanic in Newcastle,marine diesel mechanic newcastle,marine diesel mechanic near me newcastle | marine diesel mechanic nsw | best marine diesel mechanic newcastle,P1,/diesel-mechanics/newcastle/,Needs >=5 verified local providers before publish
2,city-service,/services/earthmoving-plant-diesel/newcastle/,Earthmoving & Plant Diesel Repair in Newcastle,earthmoving & plant diesel repair newcastle,earthmoving & plant diesel repair near me newcastle | earthmoving & plant diesel repair nsw | best earthmoving & plant diesel repair newcastle,P1,/diesel-mechanics/newcastle/,Needs >=5 verified local providers before publish
2,city-service,/services/diesel-mechanic/canberra/,Diesel Mechanic in Canberra,diesel mechanic canberra,diesel mechanic near me canberra | diesel mechanic act | best diesel mechanic canberra,P0,/diesel-mechanics/canberra/,Needs >=5 verified local providers before publish
2,city-service,/services/diesel-engine-rebuild/canberra/,Diesel Engine Rebuild in Canberra,diesel engine rebuild canberra,diesel engine rebuild near me canberra | diesel engine rebuild act | best diesel engine rebuild canberra,P0,/diesel-mechanics/canberra/,Needs >=5 verified local providers before publish
2,city-service,/services/diesel-engine-reconditioning/canberra/,Diesel Engine Reconditioning in Canberra,diesel engine reconditioning canberra,diesel engine reconditioning near me canberra | diesel engine reconditioning act | best diesel engine reconditioning canberra,P0,/diesel-mechanics/canberra/,Needs >=5 verified local providers before publish
2,city-service,/services/dpf-cleaning/canberra/,DPF Cleaning in Canberra,dpf cleaning canberra,dpf cleaning near me canberra | dpf cleaning act | best dpf cleaning canberra,P0,/diesel-mechanics/canberra/,Needs >=5 verified local providers before publish
2,city-service,/services/egr-cleaning/canberra/,EGR Cleaning in Canberra,egr cleaning canberra,egr cleaning near me canberra | egr cleaning act | best egr cleaning canberra,P1,/diesel-mechanics/canberra/,Needs >=5 verified local providers before publish
2,city-service,/services/adblue-scr-repair/canberra/,AdBlue / SCR System Repair in Canberra,adblue / scr system repair canberra,adblue / scr system repair near me canberra | adblue / scr system repair act | best adblue / scr system repair canberra,P1,/diesel-mechanics/canberra/,Needs >=5 verified local providers before publish
2,city-service,/services/diesel-injector-replacement/canberra/,Diesel Injector Replacement in Canberra,diesel injector replacement canberra,diesel injector replacement near me canberra | diesel injector replacement act | best diesel injector replacement canberra,P0,/diesel-mechanics/canberra/,Needs >=5 verified local providers before publish
2,city-service,/services/diesel-injector-testing/canberra/,Diesel Injector Testing in Canberra,diesel injector testing canberra,diesel injector testing near me canberra | diesel injector testing act | best diesel injector testing canberra,P1,/diesel-mechanics/canberra/,Needs >=5 verified local providers before publish
2,city-service,/services/diesel-fuel-pump-repair/canberra/,Diesel Fuel Pump Repair in Canberra,diesel fuel pump repair canberra,diesel fuel pump repair near me canberra | diesel fuel pump repair act | best diesel fuel pump repair canberra,P1,/diesel-mechanics/canberra/,Needs >=5 verified local providers before publish
2,city-service,/services/common-rail-diagnostics/canberra/,Common Rail Diagnostics in Canberra,common rail diagnostics canberra,common rail diagnostics near me canberra | common rail diagnostics act | best common rail diagnostics canberra,P1,/diesel-mechanics/canberra/,Needs >=5 verified local providers before publish
2,city-service,/services/turbo-repair/canberra/,Turbocharger Repair in Canberra,turbocharger repair canberra,turbocharger repair near me canberra | turbocharger repair act | best turbocharger repair canberra,P0,/diesel-mechanics/canberra/,Needs >=5 verified local providers before publish
2,city-service,/services/turbo-replacement/canberra/,Turbocharger Replacement in Canberra,turbocharger replacement canberra,turbocharger replacement near me canberra | turbocharger replacement act | best turbocharger replacement canberra,P0,/diesel-mechanics/canberra/,Needs >=5 verified local providers before publish
2,city-service,/services/cylinder-head-repair/canberra/,Cylinder Head Repair in Canberra,cylinder head repair canberra,cylinder head repair near me canberra | cylinder head repair act | best cylinder head repair canberra,P0,/diesel-mechanics/canberra/,Needs >=5 verified local providers before publish
2,city-service,/services/head-gasket-replacement/canberra/,Head Gasket Replacement in Canberra,head gasket replacement canberra,head gasket replacement near me canberra | head gasket replacement act | best head gasket replacement canberra,P0,/diesel-mechanics/canberra/,Needs >=5 verified local providers before publish
2,city-service,/services/engine-block-machining/canberra/,Engine Block Machining in Canberra,engine block machining canberra,engine block machining near me canberra | engine block machining act | best engine block machining canberra,P1,/diesel-mechanics/canberra/,Needs >=5 verified local providers before publish
2,city-service,/services/timing-chain-belt-replacement/canberra/,Timing Chain & Belt Replacement in Canberra,timing chain & belt replacement canberra,timing chain & belt replacement near me canberra | timing chain & belt replacement act | best timing chain & belt replacement canberra,P1,/diesel-mechanics/canberra/,Needs >=5 verified local providers before publish
2,city-service,/services/diesel-engine-swap/canberra/,Diesel Engine Swap / Replacement in Canberra,diesel engine swap / replacement canberra,diesel engine swap / replacement near me canberra | diesel engine swap / replacement act | best diesel engine swap / replacement canberra,P0,/diesel-mechanics/canberra/,Needs >=5 verified local providers before publish
2,city-service,/services/diesel-tuning/canberra/,Diesel Tuning & ECU Remapping in Canberra,diesel tuning & ecu remapping canberra,diesel tuning & ecu remapping near me canberra | diesel tuning & ecu remapping act | best diesel tuning & ecu remapping canberra,P1,/diesel-mechanics/canberra/,Needs >=5 verified local providers before publish
2,city-service,/services/diesel-servicing/canberra/,Diesel Servicing & Log Book Service in Canberra,diesel servicing & log book service canberra,diesel servicing & log book service near me canberra | diesel servicing & log book service act | best diesel servicing & log book service canberra,P1,/diesel-mechanics/canberra/,Needs >=5 verified local providers before publish
2,city-service,/services/diesel-engine-diagnostics/canberra/,Diesel Engine Diagnostics in Canberra,diesel engine diagnostics canberra,diesel engine diagnostics near me canberra | diesel engine diagnostics act | best diesel engine diagnostics canberra,P1,/diesel-mechanics/canberra/,Needs >=5 verified local providers before publish
2,city-service,/services/mobile-diesel-mechanic/canberra/,Mobile Diesel Mechanic in Canberra,mobile diesel mechanic canberra,mobile diesel mechanic near me canberra | mobile diesel mechanic act | best mobile diesel mechanic canberra,P0,/diesel-mechanics/canberra/,Needs >=5 verified local providers before publish
2,city-service,/services/emergency-diesel-repair/canberra/,Emergency & Roadside Diesel Repair in Canberra,emergency & roadside diesel repair canberra,emergency & roadside diesel repair near me canberra | emergency & roadside diesel repair act | best emergency & roadside diesel repair canberra,P1,/diesel-mechanics/canberra/,Needs >=5 verified local providers before publish
2,city-service,/services/truck-diesel-mechanic/canberra/,Truck & Heavy Vehicle Diesel Mechanic in Canberra,truck & heavy vehicle diesel mechanic canberra,truck & heavy vehicle diesel mechanic near me canberra | truck & heavy vehicle diesel mechanic act | best truck & heavy vehicle diesel mechanic canberra,P0,/diesel-mechanics/canberra/,Needs >=5 verified local providers before publish
2,city-service,/services/4wd-diesel-specialist/canberra/,4WD & Ute Diesel Specialist in Canberra,4wd & ute diesel specialist canberra,4wd & ute diesel specialist near me canberra | 4wd & ute diesel specialist act | best 4wd & ute diesel specialist canberra,P0,/diesel-mechanics/canberra/,Needs >=5 verified local providers before publish
2,city-service,/services/diesel-mechanic/sunshine-coast/,Diesel Mechanic in Sunshine Coast,diesel mechanic sunshine coast,diesel mechanic near me sunshine coast | diesel mechanic qld | best diesel mechanic sunshine coast,P0,/diesel-mechanics/sunshine-coast/,Needs >=5 verified local providers before publish
2,city-service,/services/diesel-engine-rebuild/sunshine-coast/,Diesel Engine Rebuild in Sunshine Coast,diesel engine rebuild sunshine coast,diesel engine rebuild near me sunshine coast | diesel engine rebuild qld | best diesel engine rebuild sunshine coast,P0,/diesel-mechanics/sunshine-coast/,Needs >=5 verified local providers before publish
2,city-service,/services/diesel-engine-reconditioning/sunshine-coast/,Diesel Engine Reconditioning in Sunshine Coast,diesel engine reconditioning sunshine coast,diesel engine reconditioning near me sunshine coast | diesel engine reconditioning qld | best diesel engine reconditioning sunshine coast,P0,/diesel-mechanics/sunshine-coast/,Needs >=5 verified local providers before publish
2,city-service,/services/dpf-cleaning/sunshine-coast/,DPF Cleaning in Sunshine Coast,dpf cleaning sunshine coast,dpf cleaning near me sunshine coast | dpf cleaning qld | best dpf cleaning sunshine coast,P0,/diesel-mechanics/sunshine-coast/,Needs >=5 verified local providers before publish
2,city-service,/services/egr-cleaning/sunshine-coast/,EGR Cleaning in Sunshine Coast,egr cleaning sunshine coast,egr cleaning near me sunshine coast | egr cleaning qld | best egr cleaning sunshine coast,P1,/diesel-mechanics/sunshine-coast/,Needs >=5 verified local providers before publish
2,city-service,/services/adblue-scr-repair/sunshine-coast/,AdBlue / SCR System Repair in Sunshine Coast,adblue / scr system repair sunshine coast,adblue / scr system repair near me sunshine coast | adblue / scr system repair qld | best adblue / scr system repair sunshine coast,P1,/diesel-mechanics/sunshine-coast/,Needs >=5 verified local providers before publish
2,city-service,/services/diesel-injector-replacement/sunshine-coast/,Diesel Injector Replacement in Sunshine Coast,diesel injector replacement sunshine coast,diesel injector replacement near me sunshine coast | diesel injector replacement qld | best diesel injector replacement sunshine coast,P0,/diesel-mechanics/sunshine-coast/,Needs >=5 verified local providers before publish
2,city-service,/services/diesel-injector-testing/sunshine-coast/,Diesel Injector Testing in Sunshine Coast,diesel injector testing sunshine coast,diesel injector testing near me sunshine coast | diesel injector testing qld | best diesel injector testing sunshine coast,P1,/diesel-mechanics/sunshine-coast/,Needs >=5 verified local providers before publish
2,city-service,/services/diesel-fuel-pump-repair/sunshine-coast/,Diesel Fuel Pump Repair in Sunshine Coast,diesel fuel pump repair sunshine coast,diesel fuel pump repair near me sunshine coast | diesel fuel pump repair qld | best diesel fuel pump repair sunshine coast,P1,/diesel-mechanics/sunshine-coast/,Needs >=5 verified local providers before publish
2,city-service,/services/common-rail-diagnostics/sunshine-coast/,Common Rail Diagnostics in Sunshine Coast,common rail diagnostics sunshine coast,common rail diagnostics near me sunshine coast | common rail diagnostics qld | best common rail diagnostics sunshine coast,P1,/diesel-mechanics/sunshine-coast/,Needs >=5 verified local providers before publish
2,city-service,/services/turbo-repair/sunshine-coast/,Turbocharger Repair in Sunshine Coast,turbocharger repair sunshine coast,turbocharger repair near me sunshine coast | turbocharger repair qld | best turbocharger repair sunshine coast,P0,/diesel-mechanics/sunshine-coast/,Needs >=5 verified local providers before publish
2,city-service,/services/turbo-replacement/sunshine-coast/,Turbocharger Replacement in Sunshine Coast,turbocharger replacement sunshine coast,turbocharger replacement near me sunshine coast | turbocharger replacement qld | best turbocharger replacement sunshine coast,P0,/diesel-mechanics/sunshine-coast/,Needs >=5 verified local providers before publish
2,city-service,/services/cylinder-head-repair/sunshine-coast/,Cylinder Head Repair in Sunshine Coast,cylinder head repair sunshine coast,cylinder head repair near me sunshine coast | cylinder head repair qld | best cylinder head repair sunshine coast,P0,/diesel-mechanics/sunshine-coast/,Needs >=5 verified local providers before publish
2,city-service,/services/head-gasket-replacement/sunshine-coast/,Head Gasket Replacement in Sunshine Coast,head gasket replacement sunshine coast,head gasket replacement near me sunshine coast | head gasket replacement qld | best head gasket replacement sunshine coast,P0,/diesel-mechanics/sunshine-coast/,Needs >=5 verified local providers before publish
2,city-service,/services/engine-block-machining/sunshine-coast/,Engine Block Machining in Sunshine Coast,engine block machining sunshine coast,engine block machining near me sunshine coast | engine block machining qld | best engine block machining sunshine coast,P1,/diesel-mechanics/sunshine-coast/,Needs >=5 verified local providers before publish
2,city-service,/services/timing-chain-belt-replacement/sunshine-coast/,Timing Chain & Belt Replacement in Sunshine Coast,timing chain & belt replacement sunshine coast,timing chain & belt replacement near me sunshine coast | timing chain & belt replacement qld | best timing chain & belt replacement sunshine coast,P1,/diesel-mechanics/sunshine-coast/,Needs >=5 verified local providers before publish
2,city-service,/services/diesel-engine-swap/sunshine-coast/,Diesel Engine Swap / Replacement in Sunshine Coast,diesel engine swap / replacement sunshine coast,diesel engine swap / replacement near me sunshine coast | diesel engine swap / replacement qld | best diesel engine swap / replacement sunshine coast,P0,/diesel-mechanics/sunshine-coast/,Needs >=5 verified local providers before publish
2,city-service,/services/diesel-tuning/sunshine-coast/,Diesel Tuning & ECU Remapping in Sunshine Coast,diesel tuning & ecu remapping sunshine coast,diesel tuning & ecu remapping near me sunshine coast | diesel tuning & ecu remapping qld | best diesel tuning & ecu remapping sunshine coast,P1,/diesel-mechanics/sunshine-coast/,Needs >=5 verified local providers before publish
2,city-service,/services/diesel-servicing/sunshine-coast/,Diesel Servicing & Log Book Service in Sunshine Coast,diesel servicing & log book service sunshine coast,diesel servicing & log book service near me sunshine coast | diesel servicing & log book service qld | best diesel servicing & log book service sunshine coast,P1,/diesel-mechanics/sunshine-coast/,Needs >=5 verified local providers before publish
2,city-service,/services/diesel-engine-diagnostics/sunshine-coast/,Diesel Engine Diagnostics in Sunshine Coast,diesel engine diagnostics sunshine coast,diesel engine diagnostics near me sunshine coast | diesel engine diagnostics qld | best diesel engine diagnostics sunshine coast,P1,/diesel-mechanics/sunshine-coast/,Needs >=5 verified local providers before publish
2,city-service,/services/mobile-diesel-mechanic/sunshine-coast/,Mobile Diesel Mechanic in Sunshine Coast,mobile diesel mechanic sunshine coast,mobile diesel mechanic near me sunshine coast | mobile diesel mechanic qld | best mobile diesel mechanic sunshine coast,P0,/diesel-mechanics/sunshine-coast/,Needs >=5 verified local providers before publish
2,city-service,/services/emergency-diesel-repair/sunshine-coast/,Emergency & Roadside Diesel Repair in Sunshine Coast,emergency & roadside diesel repair sunshine coast,emergency & roadside diesel repair near me sunshine coast | emergency & roadside diesel repair qld | best emergency & roadside diesel repair sunshine coast,P1,/diesel-mechanics/sunshine-coast/,Needs >=5 verified local providers before publish
2,city-service,/services/truck-diesel-mechanic/sunshine-coast/,Truck & Heavy Vehicle Diesel Mechanic in Sunshine Coast,truck & heavy vehicle diesel mechanic sunshine coast,truck & heavy vehicle diesel mechanic near me sunshine coast | truck & heavy vehicle diesel mechanic qld | best truck & heavy vehicle diesel mechanic sunshine coast,P0,/diesel-mechanics/sunshine-coast/,Needs >=5 verified local providers before publish
2,city-service,/services/4wd-diesel-specialist/sunshine-coast/,4WD & Ute Diesel Specialist in Sunshine Coast,4wd & ute diesel specialist sunshine coast,4wd & ute diesel specialist near me sunshine coast | 4wd & ute diesel specialist qld | best 4wd & ute diesel specialist sunshine coast,P0,/diesel-mechanics/sunshine-coast/,Needs >=5 verified local providers before publish
2,city-service,/services/marine-diesel-mechanic/sunshine-coast/,Marine Diesel Mechanic in Sunshine Coast,marine diesel mechanic sunshine coast,marine diesel mechanic near me sunshine coast | marine diesel mechanic qld | best marine diesel mechanic sunshine coast,P1,/diesel-mechanics/sunshine-coast/,Needs >=5 verified local providers before publish
2,city-service,/services/diesel-mechanic/wollongong/,Diesel Mechanic in Wollongong,diesel mechanic wollongong,diesel mechanic near me wollongong | diesel mechanic nsw | best diesel mechanic wollongong,P0,/diesel-mechanics/wollongong/,Needs >=5 verified local providers before publish
2,city-service,/services/diesel-engine-rebuild/wollongong/,Diesel Engine Rebuild in Wollongong,diesel engine rebuild wollongong,diesel engine rebuild near me wollongong | diesel engine rebuild nsw | best diesel engine rebuild wollongong,P0,/diesel-mechanics/wollongong/,Needs >=5 verified local providers before publish
2,city-service,/services/diesel-engine-reconditioning/wollongong/,Diesel Engine Reconditioning in Wollongong,diesel engine reconditioning wollongong,diesel engine reconditioning near me wollongong | diesel engine reconditioning nsw | best diesel engine reconditioning wollongong,P0,/diesel-mechanics/wollongong/,Needs >=5 verified local providers before publish
2,city-service,/services/dpf-cleaning/wollongong/,DPF Cleaning in Wollongong,dpf cleaning wollongong,dpf cleaning near me wollongong | dpf cleaning nsw | best dpf cleaning wollongong,P0,/diesel-mechanics/wollongong/,Needs >=5 verified local providers before publish
2,city-service,/services/egr-cleaning/wollongong/,EGR Cleaning in Wollongong,egr cleaning wollongong,egr cleaning near me wollongong | egr cleaning nsw | best egr cleaning wollongong,P1,/diesel-mechanics/wollongong/,Needs >=5 verified local providers before publish
2,city-service,/services/adblue-scr-repair/wollongong/,AdBlue / SCR System Repair in Wollongong,adblue / scr system repair wollongong,adblue / scr system repair near me wollongong | adblue / scr system repair nsw | best adblue / scr system repair wollongong,P1,/diesel-mechanics/wollongong/,Needs >=5 verified local providers before publish
2,city-service,/services/diesel-injector-replacement/wollongong/,Diesel Injector Replacement in Wollongong,diesel injector replacement wollongong,diesel injector replacement near me wollongong | diesel injector replacement nsw | best diesel injector replacement wollongong,P0,/diesel-mechanics/wollongong/,Needs >=5 verified local providers before publish
2,city-service,/services/diesel-injector-testing/wollongong/,Diesel Injector Testing in Wollongong,diesel injector testing wollongong,diesel injector testing near me wollongong | diesel injector testing nsw | best diesel injector testing wollongong,P1,/diesel-mechanics/wollongong/,Needs >=5 verified local providers before publish
2,city-service,/services/diesel-fuel-pump-repair/wollongong/,Diesel Fuel Pump Repair in Wollongong,diesel fuel pump repair wollongong,diesel fuel pump repair near me wollongong | diesel fuel pump repair nsw | best diesel fuel pump repair wollongong,P1,/diesel-mechanics/wollongong/,Needs >=5 verified local providers before publish
2,city-service,/services/common-rail-diagnostics/wollongong/,Common Rail Diagnostics in Wollongong,common rail diagnostics wollongong,common rail diagnostics near me wollongong | common rail diagnostics nsw | best common rail diagnostics wollongong,P1,/diesel-mechanics/wollongong/,Needs >=5 verified local providers before publish
2,city-service,/services/turbo-repair/wollongong/,Turbocharger Repair in Wollongong,turbocharger repair wollongong,turbocharger repair near me wollongong | turbocharger repair nsw | best turbocharger repair wollongong,P0,/diesel-mechanics/wollongong/,Needs >=5 verified local providers before publish
2,city-service,/services/turbo-replacement/wollongong/,Turbocharger Replacement in Wollongong,turbocharger replacement wollongong,turbocharger replacement near me wollongong | turbocharger replacement nsw | best turbocharger replacement wollongong,P0,/diesel-mechanics/wollongong/,Needs >=5 verified local providers before publish
2,city-service,/services/cylinder-head-repair/wollongong/,Cylinder Head Repair in Wollongong,cylinder head repair wollongong,cylinder head repair near me wollongong | cylinder head repair nsw | best cylinder head repair wollongong,P0,/diesel-mechanics/wollongong/,Needs >=5 verified local providers before publish
2,city-service,/services/head-gasket-replacement/wollongong/,Head Gasket Replacement in Wollongong,head gasket replacement wollongong,head gasket replacement near me wollongong | head gasket replacement nsw | best head gasket replacement wollongong,P0,/diesel-mechanics/wollongong/,Needs >=5 verified local providers before publish
2,city-service,/services/engine-block-machining/wollongong/,Engine Block Machining in Wollongong,engine block machining wollongong,engine block machining near me wollongong | engine block machining nsw | best engine block machining wollongong,P1,/diesel-mechanics/wollongong/,Needs >=5 verified local providers before publish
2,city-service,/services/timing-chain-belt-replacement/wollongong/,Timing Chain & Belt Replacement in Wollongong,timing chain & belt replacement wollongong,timing chain & belt replacement near me wollongong | timing chain & belt replacement nsw | best timing chain & belt replacement wollongong,P1,/diesel-mechanics/wollongong/,Needs >=5 verified local providers before publish
2,city-service,/services/diesel-engine-swap/wollongong/,Diesel Engine Swap / Replacement in Wollongong,diesel engine swap / replacement wollongong,diesel engine swap / replacement near me wollongong | diesel engine swap / replacement nsw | best diesel engine swap / replacement wollongong,P0,/diesel-mechanics/wollongong/,Needs >=5 verified local providers before publish
2,city-service,/services/diesel-tuning/wollongong/,Diesel Tuning & ECU Remapping in Wollongong,diesel tuning & ecu remapping wollongong,diesel tuning & ecu remapping near me wollongong | diesel tuning & ecu remapping nsw | best diesel tuning & ecu remapping wollongong,P1,/diesel-mechanics/wollongong/,Needs >=5 verified local providers before publish
2,city-service,/services/diesel-servicing/wollongong/,Diesel Servicing & Log Book Service in Wollongong,diesel servicing & log book service wollongong,diesel servicing & log book service near me wollongong | diesel servicing & log book service nsw | best diesel servicing & log book service wollongong,P1,/diesel-mechanics/wollongong/,Needs >=5 verified local providers before publish
2,city-service,/services/diesel-engine-diagnostics/wollongong/,Diesel Engine Diagnostics in Wollongong,diesel engine diagnostics wollongong,diesel engine diagnostics near me wollongong | diesel engine diagnostics nsw | best diesel engine diagnostics wollongong,P1,/diesel-mechanics/wollongong/,Needs >=5 verified local providers before publish
2,city-service,/services/mobile-diesel-mechanic/wollongong/,Mobile Diesel Mechanic in Wollongong,mobile diesel mechanic wollongong,mobile diesel mechanic near me wollongong | mobile diesel mechanic nsw | best mobile diesel mechanic wollongong,P0,/diesel-mechanics/wollongong/,Needs >=5 verified local providers before publish
2,city-service,/services/emergency-diesel-repair/wollongong/,Emergency & Roadside Diesel Repair in Wollongong,emergency & roadside diesel repair wollongong,emergency & roadside diesel repair near me wollongong | emergency & roadside diesel repair nsw | best emergency & roadside diesel repair wollongong,P1,/diesel-mechanics/wollongong/,Needs >=5 verified local providers before publish
2,city-service,/services/truck-diesel-mechanic/wollongong/,Truck & Heavy Vehicle Diesel Mechanic in Wollongong,truck & heavy vehicle diesel mechanic wollongong,truck & heavy vehicle diesel mechanic near me wollongong | truck & heavy vehicle diesel mechanic nsw | best truck & heavy vehicle diesel mechanic wollongong,P0,/diesel-mechanics/wollongong/,Needs >=5 verified local providers before publish
2,city-service,/services/4wd-diesel-specialist/wollongong/,4WD & Ute Diesel Specialist in Wollongong,4wd & ute diesel specialist wollongong,4wd & ute diesel specialist near me wollongong | 4wd & ute diesel specialist nsw | best 4wd & ute diesel specialist wollongong,P0,/diesel-mechanics/wollongong/,Needs >=5 verified local providers before publish
2,city-service,/services/marine-diesel-mechanic/wollongong/,Marine Diesel Mechanic in Wollongong,marine diesel mechanic wollongong,marine diesel mechanic near me wollongong | marine diesel mechanic nsw | best marine diesel mechanic wollongong,P1,/diesel-mechanics/wollongong/,Needs >=5 verified local providers before publish
2,city-service,/services/earthmoving-plant-diesel/wollongong/,Earthmoving & Plant Diesel Repair in Wollongong,earthmoving & plant diesel repair wollongong,earthmoving & plant diesel repair near me wollongong | earthmoving & plant diesel repair nsw | best earthmoving & plant diesel repair wollongong,P1,/diesel-mechanics/wollongong/,Needs >=5 verified local providers before publish
2,symptom,/diesel-problems/diesel-blowing-white-smoke/,Diesel Blowing White Smoke,diesel blowing white smoke,diesel blowing white smoke causes | diesel blowing white smoke fix | why is my diesel blowing white smoke,P0,/diesel-problems/,CTA routes to /services/diesel-engine-diagnostics/
2,symptom,/diesel-problems/diesel-blowing-blue-smoke/,Diesel Blowing Blue Smoke,diesel blowing blue smoke,diesel blowing blue smoke causes | diesel blowing blue smoke fix | why is my diesel blowing blue smoke,P0,/diesel-problems/,CTA routes to /services/diesel-engine-rebuild/
2,symptom,/diesel-problems/diesel-blowing-black-smoke/,Diesel Blowing Black Smoke,diesel blowing black smoke,diesel blowing black smoke causes | diesel blowing black smoke fix | why is my diesel blowing black smoke,P0,/diesel-problems/,CTA routes to /services/diesel-injector-replacement/
2,symptom,/diesel-problems/diesel-hard-to-start-cold/,Diesel Hard To Start When Cold,diesel hard to start when cold,diesel hard to start when cold causes | diesel hard to start when cold fix | why is my diesel hard to start when cold,P0,/diesel-problems/,CTA routes to /services/glow-plug-replacement/
2,symptom,/diesel-problems/diesel-wont-start/,Diesel Engine Won't Start,diesel engine won't start,diesel engine won't start causes | diesel engine won't start fix | why is my diesel engine won't start,P0,/diesel-problems/,CTA routes to /services/diesel-engine-diagnostics/
2,symptom,/diesel-problems/diesel-cranks-but-wont-fire/,Diesel Cranks But Won't Fire,diesel cranks but won't fire,diesel cranks but won't fire causes | diesel cranks but won't fire fix | why is my diesel cranks but won't fire,P0,/diesel-problems/,CTA routes to /services/diesel-fuel-pump-repair/
2,symptom,/diesel-problems/diesel-loss-of-power/,Diesel Loss Of Power,diesel loss of power,diesel loss of power causes | diesel loss of power fix | why is my diesel loss of power,P0,/diesel-problems/,CTA routes to /services/turbo-repair/
2,symptom,/diesel-problems/diesel-limp-mode/,Diesel Stuck In Limp Mode,diesel stuck in limp mode,diesel stuck in limp mode causes | diesel stuck in limp mode fix | why is my diesel stuck in limp mode,P0,/diesel-problems/,CTA routes to /services/diesel-engine-diagnostics/
2,symptom,/diesel-problems/diesel-rough-idle/,Diesel Rough Idle,diesel rough idle,diesel rough idle causes | diesel rough idle fix | why is my diesel rough idle,P0,/diesel-problems/,CTA routes to /services/diesel-injector-testing/
2,symptom,/diesel-problems/diesel-excessive-fuel-use/,Diesel Using Too Much Fuel,diesel using too much fuel,diesel using too much fuel causes | diesel using too much fuel fix | why is my diesel using too much fuel,P0,/diesel-problems/,CTA routes to /services/diesel-injector-replacement/
2,symptom,/diesel-problems/diesel-knocking-noise/,Diesel Knocking Or Ticking Noise,diesel knocking or ticking noise,diesel knocking or ticking noise causes | diesel knocking or ticking noise fix | why is my diesel knocking or ticking noise,P0,/diesel-problems/,CTA routes to /services/cylinder-head-repair/
2,symptom,/diesel-problems/diesel-turbo-whistle/,Turbo Whistle Or Whine,turbo whistle or whine,turbo whistle or whine causes | turbo whistle or whine fix | why is my turbo whistle or whine,P0,/diesel-problems/,CTA routes to /services/turbo-repair/
2,symptom,/diesel-problems/diesel-overheating/,Diesel Engine Overheating,diesel engine overheating,diesel engine overheating causes | diesel engine overheating fix | why is my diesel engine overheating,P0,/diesel-problems/,CTA routes to /services/head-gasket-replacement/
2,symptom,/diesel-problems/diesel-coolant-loss-no-leak/,Losing Coolant With No Visible Leak,losing coolant with no visible leak,losing coolant with no visible leak causes | losing coolant with no visible leak fix | why is my losing coolant with no visible leak,P0,/diesel-problems/,CTA routes to /services/head-gasket-replacement/
2,symptom,/diesel-problems/diesel-oil-in-coolant/,Oil In Coolant,oil in coolant,oil in coolant causes | oil in coolant fix | why is my oil in coolant,P0,/diesel-problems/,CTA routes to /services/head-gasket-replacement/
2,symptom,/diesel-problems/diesel-white-mayo-oil-cap/,Mayonnaise Under The Oil Cap,mayonnaise under the oil cap,mayonnaise under the oil cap causes | mayonnaise under the oil cap fix | why is my mayonnaise under the oil cap,P0,/diesel-problems/,CTA routes to /services/head-gasket-replacement/
2,symptom,/diesel-problems/dpf-light-on/,DPF Warning Light On,dpf warning light on,dpf warning light on causes | dpf warning light on fix | why is my dpf warning light on,P0,/diesel-problems/,CTA routes to /services/dpf-cleaning/
2,symptom,/diesel-problems/dpf-wont-regenerate/,DPF Won't Regenerate,dpf won't regenerate,dpf won't regenerate causes | dpf won't regenerate fix | why is my dpf won't regenerate,P0,/diesel-problems/,CTA routes to /services/dpf-cleaning/
2,symptom,/diesel-problems/adblue-warning-countdown/,AdBlue Warning & Countdown To No-Start,adblue warning & countdown to no-start,adblue warning & countdown to no-start causes | adblue warning & countdown to no-start fix | why is my adblue warning & countdown to no-start,P0,/diesel-problems/,CTA routes to /services/adblue-scr-repair/
2,symptom,/diesel-problems/egr-valve-stuck/,EGR Valve Stuck Or Clogged,egr valve stuck or clogged,egr valve stuck or clogged causes | egr valve stuck or clogged fix | why is my egr valve stuck or clogged,P0,/diesel-problems/,CTA routes to /services/egr-cleaning/
2,symptom,/diesel-problems/diesel-oil-dilution/,Diesel In The Engine Oil,diesel in the engine oil,diesel in the engine oil causes | diesel in the engine oil fix | why is my diesel in the engine oil,P0,/diesel-problems/,CTA routes to /services/diesel-injector-replacement/
2,symptom,/diesel-problems/diesel-excessive-blowby/,Excessive Blow-By,excessive blow-by,excessive blow-by causes | excessive blow-by fix | why is my excessive blow-by,P0,/diesel-problems/,CTA routes to /services/diesel-engine-rebuild/
2,symptom,/diesel-problems/diesel-low-oil-pressure/,Low Oil Pressure Warning,low oil pressure warning,low oil pressure warning causes | low oil pressure warning fix | why is my low oil pressure warning,P0,/diesel-problems/,CTA routes to /services/diesel-engine-rebuild/
2,symptom,/diesel-problems/diesel-runaway/,Diesel Engine Runaway,diesel engine runaway,diesel engine runaway causes | diesel engine runaway fix | why is my diesel engine runaway,P0,/diesel-problems/,CTA routes to /services/diesel-engine-rebuild/
2,symptom,/diesel-problems/diesel-hydraulic-lock/,Diesel Hydraulic Lock,diesel hydraulic lock,diesel hydraulic lock causes | diesel hydraulic lock fix | why is my diesel hydraulic lock,P0,/diesel-problems/,CTA routes to /services/diesel-engine-rebuild/
2,symptom,/diesel-problems/diesel-injector-leak-off/,Failed Injector Leak-Off Test,failed injector leak-off test,failed injector leak-off test causes | failed injector leak-off test fix | why is my failed injector leak-off test,P0,/diesel-problems/,CTA routes to /services/diesel-injector-testing/
2,symptom,/diesel-problems/diesel-water-in-fuel-light/,Water In Fuel Warning Light,water in fuel warning light,water in fuel warning light causes | water in fuel warning light fix | why is my water in fuel warning light,P0,/diesel-problems/,CTA routes to /services/diesel-fuel-contamination/
2,symptom,/diesel-problems/put-petrol-in-diesel/,Put Petrol In A Diesel By Mistake,put petrol in a diesel by mistake,put petrol in a diesel by mistake causes | put petrol in a diesel by mistake fix | why is my put petrol in a diesel by mistake,P0,/diesel-problems/,CTA routes to /services/diesel-fuel-contamination/
2,symptom,/diesel-problems/diesel-fuel-gelling-cold/,Diesel Fuel Gelling In Cold Weather,diesel fuel gelling in cold weather,diesel fuel gelling in cold weather causes | diesel fuel gelling in cold weather fix | why is my diesel fuel gelling in cold weather,P0,/diesel-problems/,CTA routes to /services/diesel-servicing/
2,symptom,/diesel-problems/diesel-glow-plug-light-flashing/,Glow Plug Light Flashing,glow plug light flashing,glow plug light flashing causes | glow plug light flashing fix | why is my glow plug light flashing,P0,/diesel-problems/,CTA routes to /services/glow-plug-replacement/
2,symptom,/diesel-problems/diesel-timing-chain-rattle/,Timing Chain Rattle On Startup,timing chain rattle on startup,timing chain rattle on startup causes | timing chain rattle on startup fix | why is my timing chain rattle on startup,P0,/diesel-problems/,CTA routes to /services/timing-chain-belt-replacement/
2,symptom,/diesel-problems/diesel-swirl-flap-failure/,Swirl Flap Failure,swirl flap failure,swirl flap failure causes | swirl flap failure fix | why is my swirl flap failure,P0,/diesel-problems/,CTA routes to /services/diesel-engine-diagnostics/
2,symptom,/diesel-problems/diesel-intake-manifold-carbon/,Carbon Build-Up In The Intake Manifold,carbon build-up in the intake manifold,carbon build-up in the intake manifold causes | carbon build-up in the intake manifold fix | why is my carbon build-up in the intake manifold,P0,/diesel-problems/,CTA routes to /services/egr-cleaning/
2,symptom,/diesel-problems/diesel-boost-leak/,Boost Leak Symptoms,boost leak symptoms,boost leak symptoms causes | boost leak symptoms fix | why is my boost leak symptoms,P0,/diesel-problems/,CTA routes to /services/intercooler-service/
2,symptom,/diesel-problems/diesel-turbo-oil-leak/,Turbo Leaking Oil,turbo leaking oil,turbo leaking oil causes | turbo leaking oil fix | why is my turbo leaking oil,P0,/diesel-problems/,CTA routes to /services/turbo-repair/
2,decision,/guides/diesel-engine-rebuild-cost-australia/,How Much Does A Diesel Engine Rebuild Cost In Australia,how much does a diesel engine rebuild cost in australia,how much does a diesel engine rebuild cost in australia australia,P0,/costs/,cost / solution-aware
2,decision,/guides/dpf-cleaning-cost-australia/,DPF Cleaning Cost In Australia,dpf cleaning cost in australia,dpf cleaning cost in australia australia,P0,/costs/,cost / solution-aware
2,decision,/guides/diesel-injector-replacement-cost/,Diesel Injector Replacement Cost,diesel injector replacement cost,diesel injector replacement cost australia,P0,/costs/,cost / solution-aware
2,decision,/guides/turbo-replacement-cost-australia/,Turbo Replacement Cost In Australia,turbo replacement cost in australia,turbo replacement cost in australia australia,P0,/costs/,cost / solution-aware
2,decision,/guides/head-gasket-replacement-cost/,Head Gasket Replacement Cost,head gasket replacement cost,head gasket replacement cost australia,P0,/costs/,cost / solution-aware
2,decision,/guides/rebuild-vs-replace-diesel-engine/,Rebuild Or Replace A Diesel Engine,rebuild or replace a diesel engine,rebuild or replace a diesel engine australia,P1,/diesel-engines/,comparison / solution-aware
2,decision,/guides/recon-vs-secondhand-engine/,Reconditioned vs Second-Hand Engine,reconditioned vs second-hand engine,reconditioned vs second-hand engine australia,P1,/diesel-engines/,comparison / solution-aware
2,decision,/guides/dealer-vs-independent-diesel-mechanic/,Dealer vs Independent Diesel Mechanic,dealer vs independent diesel mechanic,dealer vs independent diesel mechanic australia,P1,/diesel-engines/,comparison / solution-aware
2,decision,/guides/common-rail-vs-mechanical-injection/,Common Rail vs Mechanical Injection,common rail vs mechanical injection,common rail vs mechanical injection australia,P1,/diesel-engines/,comparison / informational
2,decision,/guides/dpf-clean-vs-replace/,DPF Clean vs Replace,dpf clean vs replace,dpf clean vs replace australia,P1,/diesel-engines/,comparison / solution-aware
2,decision,/guides/how-to-choose-a-diesel-mechanic/,How To Choose A Diesel Mechanic,how to choose a diesel mechanic,how to choose a diesel mechanic australia,P1,/diesel-engines/,buyers-guide / solution-aware
2,decision,/guides/questions-to-ask-a-diesel-workshop/,Questions To Ask A Diesel Workshop Before You Book,questions to ask a diesel workshop before you book,questions to ask a diesel workshop before you book australia,P1,/diesel-engines/,buyers-guide / solution-aware
2,decision,/guides/diesel-repair-warranty-rights-australia/,Your Repair Warranty Rights Under Australian Consumer Law,your repair warranty rights under australian consumer law,your repair warranty rights under australian consumer law australia,P1,/diesel-engines/,compliance / solution-aware
2,decision,/guides/diesel-emissions-rules-australia/,Diesel Emissions Rules In Australia,diesel emissions rules in australia,diesel emissions rules in australia australia,P1,/diesel-engines/,compliance / informational
2,decision,/guides/adr-compliance-engine-modifications/,ADR Compliance For Engine Modifications,adr compliance for engine modifications,adr compliance for engine modifications australia,P1,/diesel-engines/,compliance / informational
2,decision,/guides/diesel-engine-life-expectancy/,How Long Should A Diesel Engine Last,how long should a diesel engine last,how long should a diesel engine last australia,P1,/diesel-engines/,education / unaware
2,decision,/guides/diesel-service-intervals-australia/,Diesel Service Intervals Explained,diesel service intervals explained,diesel service intervals explained australia,P1,/diesel-engines/,education / unaware
2,decision,/guides/how-a-common-rail-system-works/,How A Common Rail Diesel System Works,how a common rail diesel system works,how a common rail diesel system works australia,P1,/diesel-engines/,education / unaware
2,decision,/guides/how-a-dpf-works/,How A DPF Works,how a dpf works,how a dpf works australia,P1,/diesel-engines/,education / unaware
2,decision,/guides/how-a-turbocharger-works/,How A Turbocharger Works,how a turbocharger works,how a turbocharger works australia,P1,/diesel-engines/,education / unaware
2,decision,/guides/how-adblue-scr-works/,How AdBlue And SCR Work,how adblue and scr work,how adblue and scr work australia,P1,/diesel-engines/,education / unaware
2,decision,/guides/diesel-engine-glossary/,Diesel Engine Glossary,diesel engine glossary,diesel engine glossary australia,P1,/diesel-engines/,education / unaware
2,decision,/guides/towing-and-diesel-engine-wear/,Towing And Diesel Engine Wear,towing and diesel engine wear,towing and diesel engine wear australia,P1,/diesel-engines/,education / unaware
2,decision,/guides/short-trips-kill-diesel-engines/,Why Short Trips Damage Diesel Engines,why short trips damage diesel engines,why short trips damage diesel engines australia,P1,/diesel-engines/,education / unaware
2,decision,/guides/diesel-fuel-quality-australia/,Diesel Fuel Quality In Australia,diesel fuel quality in australia,diesel fuel quality in australia australia,P1,/diesel-engines/,education / unaware
2,decision,/guides/pre-purchase-diesel-inspection/,Pre-Purchase Diesel Inspection Checklist,pre-purchase diesel inspection checklist,pre-purchase diesel inspection checklist australia,P1,/diesel-engines/,buyers-guide / solution-aware
3,brand-hub,/engine-brands/toyota/,Toyota Diesel Engines in Australia,toyota diesel engine,toyota diesel engine problems | toyota diesel engine specs,P0,/engine-brands/,"HiLux, Prado, LandCruiser — largest AU diesel parc"
3,engine-model,/engine-brands/toyota/1gd-ftv/,"Toyota 1GD-FTV Engine: Problems, Specs and Repair",1gd-ftv engine,1gd-ftv problems | 1gd-ftv specs | 1gd-ftv rebuild cost | 1gd-ftv common faults,P0,/engine-brands/toyota/,"Must carry engine-specific fault data, not boilerplate"
3,engine-model,/engine-brands/toyota/2gd-ftv/,"Toyota 2GD-FTV Engine: Problems, Specs and Repair",2gd-ftv engine,2gd-ftv problems | 2gd-ftv specs | 2gd-ftv rebuild cost | 2gd-ftv common faults,P0,/engine-brands/toyota/,"Must carry engine-specific fault data, not boilerplate"
3,engine-model,/engine-brands/toyota/1kd-ftv/,"Toyota 1KD-FTV Engine: Problems, Specs and Repair",1kd-ftv engine,1kd-ftv problems | 1kd-ftv specs | 1kd-ftv rebuild cost | 1kd-ftv common faults,P0,/engine-brands/toyota/,"Must carry engine-specific fault data, not boilerplate"
3,engine-model,/engine-brands/toyota/1hd-fte/,"Toyota 1HD-FTE Engine: Problems, Specs and Repair",1hd-fte engine,1hd-fte problems | 1hd-fte specs | 1hd-fte rebuild cost | 1hd-fte common faults,P0,/engine-brands/toyota/,"Must carry engine-specific fault data, not boilerplate"
3,engine-model,/engine-brands/toyota/1hz/,"Toyota 1HZ Engine: Problems, Specs and Repair",1hz engine,1hz problems | 1hz specs | 1hz rebuild cost | 1hz common faults,P0,/engine-brands/toyota/,"Must carry engine-specific fault data, not boilerplate"
3,engine-model,/engine-brands/toyota/1vd-ftv/,"Toyota 1VD-FTV Engine: Problems, Specs and Repair",1vd-ftv engine,1vd-ftv problems | 1vd-ftv specs | 1vd-ftv rebuild cost | 1vd-ftv common faults,P0,/engine-brands/toyota/,"Must carry engine-specific fault data, not boilerplate"
3,brand-hub,/engine-brands/ford/,Ford Diesel Engines in Australia,ford diesel engine,ford diesel engine problems | ford diesel engine specs,P0,/engine-brands/,Ranger and Everest
3,engine-model,/engine-brands/ford/p5at-3-2-duratorq/,"Ford P5AT 3.2 Duratorq Engine: Problems, Specs and Repair",p5at 3.2 duratorq engine,p5at 3.2 duratorq problems | p5at 3.2 duratorq specs | p5at 3.2 duratorq rebuild cost | p5at 3.2 duratorq common faults,P0,/engine-brands/ford/,"Must carry engine-specific fault data, not boilerplate"
3,engine-model,/engine-brands/ford/panther-2-0-ecoblue/,"Ford Panther 2.0 EcoBlue Engine: Problems, Specs and Repair",panther 2.0 ecoblue engine,panther 2.0 ecoblue problems | panther 2.0 ecoblue specs | panther 2.0 ecoblue rebuild cost | panther 2.0 ecoblue common faults,P0,/engine-brands/ford/,"Must carry engine-specific fault data, not boilerplate"
3,engine-model,/engine-brands/ford/pj-pk-3-0/,"Ford PJ/PK 3.0 Engine: Problems, Specs and Repair",pj/pk 3.0 engine,pj/pk 3.0 problems | pj/pk 3.0 specs | pj/pk 3.0 rebuild cost | pj/pk 3.0 common faults,P0,/engine-brands/ford/,"Must carry engine-specific fault data, not boilerplate"
3,brand-hub,/engine-brands/isuzu/,Isuzu Diesel Engines in Australia,isuzu diesel engine,isuzu diesel engine problems | isuzu diesel engine specs,P0,/engine-brands/,"D-MAX, MU-X and Isuzu trucks — dual consumer/commercial"
3,engine-model,/engine-brands/isuzu/4jj1-tc/,"Isuzu 4JJ1-TC Engine: Problems, Specs and Repair",4jj1-tc engine,4jj1-tc problems | 4jj1-tc specs | 4jj1-tc rebuild cost | 4jj1-tc common faults,P0,/engine-brands/isuzu/,"Must carry engine-specific fault data, not boilerplate"
3,engine-model,/engine-brands/isuzu/4jj3-tcx/,"Isuzu 4JJ3-TCX Engine: Problems, Specs and Repair",4jj3-tcx engine,4jj3-tcx problems | 4jj3-tcx specs | 4jj3-tcx rebuild cost | 4jj3-tcx common faults,P0,/engine-brands/isuzu/,"Must carry engine-specific fault data, not boilerplate"
3,engine-model,/engine-brands/isuzu/4hk1/,"Isuzu 4HK1 Engine: Problems, Specs and Repair",4hk1 engine,4hk1 problems | 4hk1 specs | 4hk1 rebuild cost | 4hk1 common faults,P0,/engine-brands/isuzu/,"Must carry engine-specific fault data, not boilerplate"
3,engine-model,/engine-brands/isuzu/6hk1/,"Isuzu 6HK1 Engine: Problems, Specs and Repair",6hk1 engine,6hk1 problems | 6hk1 specs | 6hk1 rebuild cost | 6hk1 common faults,P0,/engine-brands/isuzu/,"Must carry engine-specific fault data, not boilerplate"
3,engine-model,/engine-brands/isuzu/6uz1/,"Isuzu 6UZ1 Engine: Problems, Specs and Repair",6uz1 engine,6uz1 problems | 6uz1 specs | 6uz1 rebuild cost | 6uz1 common faults,P0,/engine-brands/isuzu/,"Must carry engine-specific fault data, not boilerplate"
3,brand-hub,/engine-brands/nissan/,Nissan Diesel Engines in Australia,nissan diesel engine,nissan diesel engine problems | nissan diesel engine specs,P0,/engine-brands/,"Navara, Patrol — high fault-search volume"
3,engine-model,/engine-brands/nissan/yd25ddti/,"Nissan YD25DDTi Engine: Problems, Specs and Repair",yd25ddti engine,yd25ddti problems | yd25ddti specs | yd25ddti rebuild cost | yd25ddti common faults,P0,/engine-brands/nissan/,"Must carry engine-specific fault data, not boilerplate"
3,engine-model,/engine-brands/nissan/zd30ddti/,"Nissan ZD30DDTi Engine: Problems, Specs and Repair",zd30ddti engine,zd30ddti problems | zd30ddti specs | zd30ddti rebuild cost | zd30ddti common faults,P0,/engine-brands/nissan/,"Must carry engine-specific fault data, not boilerplate"
3,engine-model,/engine-brands/nissan/td42/,"Nissan TD42 Engine: Problems, Specs and Repair",td42 engine,td42 problems | td42 specs | td42 rebuild cost | td42 common faults,P0,/engine-brands/nissan/,"Must carry engine-specific fault data, not boilerplate"
3,engine-model,/engine-brands/nissan/td27/,"Nissan TD27 Engine: Problems, Specs and Repair",td27 engine,td27 problems | td27 specs | td27 rebuild cost | td27 common faults,P0,/engine-brands/nissan/,"Must carry engine-specific fault data, not boilerplate"
3,brand-hub,/engine-brands/mitsubishi/,Mitsubishi Diesel Engines in Australia,mitsubishi diesel engine,mitsubishi diesel engine problems | mitsubishi diesel engine specs,P0,/engine-brands/,Triton and Pajero
3,engine-model,/engine-brands/mitsubishi/4n15/,"Mitsubishi 4N15 Engine: Problems, Specs and Repair",4n15 engine,4n15 problems | 4n15 specs | 4n15 rebuild cost | 4n15 common faults,P0,/engine-brands/mitsubishi/,"Must carry engine-specific fault data, not boilerplate"
3,engine-model,/engine-brands/mitsubishi/4m41/,"Mitsubishi 4M41 Engine: Problems, Specs and Repair",4m41 engine,4m41 problems | 4m41 specs | 4m41 rebuild cost | 4m41 common faults,P0,/engine-brands/mitsubishi/,"Must carry engine-specific fault data, not boilerplate"
3,engine-model,/engine-brands/mitsubishi/4d56/,"Mitsubishi 4D56 Engine: Problems, Specs and Repair",4d56 engine,4d56 problems | 4d56 specs | 4d56 rebuild cost | 4d56 common faults,P0,/engine-brands/mitsubishi/,"Must carry engine-specific fault data, not boilerplate"
3,brand-hub,/engine-brands/mazda/,Mazda Diesel Engines in Australia,mazda diesel engine,mazda diesel engine problems | mazda diesel engine specs,P1,/engine-brands/,BT-50 shares Ford driveline pre-2020
3,engine-model,/engine-brands/mazda/skyactiv-d-2-2/,"Mazda SkyActiv-D 2.2 Engine: Problems, Specs and Repair",skyactiv-d 2.2 engine,skyactiv-d 2.2 problems | skyactiv-d 2.2 specs | skyactiv-d 2.2 rebuild cost | skyactiv-d 2.2 common faults,P2,/engine-brands/mazda/,"Must carry engine-specific fault data, not boilerplate"
3,engine-model,/engine-brands/mazda/p5at-(bt-50)/,"Mazda P5AT (BT-50) Engine: Problems, Specs and Repair",p5at (bt-50) engine,p5at (bt-50) problems | p5at (bt-50) specs | p5at (bt-50) rebuild cost | p5at (bt-50) common faults,P2,/engine-brands/mazda/,"Must carry engine-specific fault data, not boilerplate"
3,brand-hub,/engine-brands/volkswagen/,Volkswagen Diesel Engines in Australia,volkswagen diesel engine,volkswagen diesel engine problems | volkswagen diesel engine specs,P0,/engine-brands/,"Amarok, Transporter, Golf"
3,engine-model,/engine-brands/volkswagen/ea288/,"Volkswagen EA288 Engine: Problems, Specs and Repair",ea288 engine,ea288 problems | ea288 specs | ea288 rebuild cost | ea288 common faults,P0,/engine-brands/volkswagen/,"Must carry engine-specific fault data, not boilerplate"
3,engine-model,/engine-brands/volkswagen/ea189-tdi/,"Volkswagen EA189 TDI Engine: Problems, Specs and Repair",ea189 tdi engine,ea189 tdi problems | ea189 tdi specs | ea189 tdi rebuild cost | ea189 tdi common faults,P0,/engine-brands/volkswagen/,"Must carry engine-specific fault data, not boilerplate"
3,engine-model,/engine-brands/volkswagen/2-0-bitdi/,"Volkswagen 2.0 BiTDI Engine: Problems, Specs and Repair",2.0 bitdi engine,2.0 bitdi problems | 2.0 bitdi specs | 2.0 bitdi rebuild cost | 2.0 bitdi common faults,P0,/engine-brands/volkswagen/,"Must carry engine-specific fault data, not boilerplate"
3,brand-hub,/engine-brands/mercedes-benz/,Mercedes-Benz Diesel Engines in Australia,mercedes-benz diesel engine,mercedes-benz diesel engine problems | mercedes-benz diesel engine specs,P0,/engine-brands/,"Sprinter, ML, Actros"
3,engine-model,/engine-brands/mercedes-benz/om642/,"Mercedes-Benz OM642 Engine: Problems, Specs and Repair",om642 engine,om642 problems | om642 specs | om642 rebuild cost | om642 common faults,P0,/engine-brands/mercedes-benz/,"Must carry engine-specific fault data, not boilerplate"
3,engine-model,/engine-brands/mercedes-benz/om651/,"Mercedes-Benz OM651 Engine: Problems, Specs and Repair",om651 engine,om651 problems | om651 specs | om651 rebuild cost | om651 common faults,P0,/engine-brands/mercedes-benz/,"Must carry engine-specific fault data, not boilerplate"
3,engine-model,/engine-brands/mercedes-benz/om654/,"Mercedes-Benz OM654 Engine: Problems, Specs and Repair",om654 engine,om654 problems | om654 specs | om654 rebuild cost | om654 common faults,P0,/engine-brands/mercedes-benz/,"Must carry engine-specific fault data, not boilerplate"
3,engine-model,/engine-brands/mercedes-benz/om471/,"Mercedes-Benz OM471 Engine: Problems, Specs and Repair",om471 engine,om471 problems | om471 specs | om471 rebuild cost | om471 common faults,P0,/engine-brands/mercedes-benz/,"Must carry engine-specific fault data, not boilerplate"
3,brand-hub,/engine-brands/land-rover/,Land Rover Diesel Engines in Australia,land rover diesel engine,land rover diesel engine problems | land rover diesel engine specs,P1,/engine-brands/,High-cost repair; strong informational demand
3,engine-model,/engine-brands/land-rover/tdv6/,"Land Rover TDV6 Engine: Problems, Specs and Repair",tdv6 engine,tdv6 problems | tdv6 specs | tdv6 rebuild cost | tdv6 common faults,P2,/engine-brands/land-rover/,"Must carry engine-specific fault data, not boilerplate"
3,engine-model,/engine-brands/land-rover/sdv6/,"Land Rover SDV6 Engine: Problems, Specs and Repair",sdv6 engine,sdv6 problems | sdv6 specs | sdv6 rebuild cost | sdv6 common faults,P2,/engine-brands/land-rover/,"Must carry engine-specific fault data, not boilerplate"
3,engine-model,/engine-brands/land-rover/ingenium-aj20d/,"Land Rover Ingenium AJ20D Engine: Problems, Specs and Repair",ingenium aj20d engine,ingenium aj20d problems | ingenium aj20d specs | ingenium aj20d rebuild cost | ingenium aj20d common faults,P2,/engine-brands/land-rover/,"Must carry engine-specific fault data, not boilerplate"
3,brand-hub,/engine-brands/holden-gm/,Holden / GM Diesel Engines in Australia,holden / gm diesel engine,holden / gm diesel engine problems | holden / gm diesel engine specs,P1,/engine-brands/,Colorado and Captiva legacy parc
3,engine-model,/engine-brands/holden-gm/duramax-2-8-lwn/,"Holden / GM Duramax 2.8 LWN Engine: Problems, Specs and Repair",duramax 2.8 lwn engine,duramax 2.8 lwn problems | duramax 2.8 lwn specs | duramax 2.8 lwn rebuild cost | duramax 2.8 lwn common faults,P2,/engine-brands/holden-gm/,"Must carry engine-specific fault data, not boilerplate"
3,engine-model,/engine-brands/holden-gm/z20s/,"Holden / GM Z20S Engine: Problems, Specs and Repair",z20s engine,z20s problems | z20s specs | z20s rebuild cost | z20s common faults,P2,/engine-brands/holden-gm/,"Must carry engine-specific fault data, not boilerplate"
3,brand-hub,/engine-brands/great-wall-gwm/,GWM Diesel Engines in Australia,gwm diesel engine,gwm diesel engine problems | gwm diesel engine specs,P1,/engine-brands/,Growing budget ute share
3,engine-model,/engine-brands/great-wall-gwm/gw4d20/,"GWM GW4D20 Engine: Problems, Specs and Repair",gw4d20 engine,gw4d20 problems | gw4d20 specs | gw4d20 rebuild cost | gw4d20 common faults,P2,/engine-brands/great-wall-gwm/,"Must carry engine-specific fault data, not boilerplate"
3,engine-model,/engine-brands/great-wall-gwm/2-0t-diesel/,"GWM 2.0T diesel Engine: Problems, Specs and Repair",2.0t diesel engine,2.0t diesel problems | 2.0t diesel specs | 2.0t diesel rebuild cost | 2.0t diesel common faults,P2,/engine-brands/great-wall-gwm/,"Must carry engine-specific fault data, not boilerplate"
3,brand-hub,/engine-brands/ldv/,LDV Diesel Engines in Australia,ldv diesel engine,ldv diesel engine problems | ldv diesel engine specs,P1,/engine-brands/,T60 and Deliver 9
3,engine-model,/engine-brands/ldv/sc20r/,"LDV SC20R Engine: Problems, Specs and Repair",sc20r engine,sc20r problems | sc20r specs | sc20r rebuild cost | sc20r common faults,P2,/engine-brands/ldv/,"Must carry engine-specific fault data, not boilerplate"
3,engine-model,/engine-brands/ldv/2-0-bi-turbo/,"LDV 2.0 Bi-Turbo Engine: Problems, Specs and Repair",2.0 bi-turbo engine,2.0 bi-turbo problems | 2.0 bi-turbo specs | 2.0 bi-turbo rebuild cost | 2.0 bi-turbo common faults,P2,/engine-brands/ldv/,"Must carry engine-specific fault data, not boilerplate"
3,brand-hub,/engine-brands/ssangyong/,SsangYong Diesel Engines in Australia,ssangyong diesel engine,ssangyong diesel engine problems | ssangyong diesel engine specs,P1,/engine-brands/,Musso — small but under-served niche
3,engine-model,/engine-brands/ssangyong/e-xdi220/,"SsangYong e-XDi220 Engine: Problems, Specs and Repair",e-xdi220 engine,e-xdi220 problems | e-xdi220 specs | e-xdi220 rebuild cost | e-xdi220 common faults,P2,/engine-brands/ssangyong/,"Must carry engine-specific fault data, not boilerplate"
3,brand-hub,/engine-brands/jeep-ram/,Jeep / RAM Diesel Engines in Australia,jeep / ram diesel engine,jeep / ram diesel engine problems | jeep / ram diesel engine specs,P1,/engine-brands/,RAM 2500/3500 conversions in AU
3,engine-model,/engine-brands/jeep-ram/ecodiesel-3-0/,"Jeep / RAM EcoDiesel 3.0 Engine: Problems, Specs and Repair",ecodiesel 3.0 engine,ecodiesel 3.0 problems | ecodiesel 3.0 specs | ecodiesel 3.0 rebuild cost | ecodiesel 3.0 common faults,P2,/engine-brands/jeep-ram/,"Must carry engine-specific fault data, not boilerplate"
3,engine-model,/engine-brands/jeep-ram/cummins-6-7-isb/,"Jeep / RAM Cummins 6.7 ISB Engine: Problems, Specs and Repair",cummins 6.7 isb engine,cummins 6.7 isb problems | cummins 6.7 isb specs | cummins 6.7 isb rebuild cost | cummins 6.7 isb common faults,P2,/engine-brands/jeep-ram/,"Must carry engine-specific fault data, not boilerplate"
3,brand-hub,/engine-brands/cummins/,Cummins Diesel Engines in Australia,cummins diesel engine,cummins diesel engine problems | cummins diesel engine specs,P0,/engine-brands/,Dominant heavy haulage and industrial
3,engine-model,/engine-brands/cummins/x15/,"Cummins X15 Engine: Problems, Specs and Repair",x15 engine,x15 problems | x15 specs | x15 rebuild cost | x15 common faults,P0,/engine-brands/cummins/,"Must carry engine-specific fault data, not boilerplate"
3,engine-model,/engine-brands/cummins/isx/,"Cummins ISX Engine: Problems, Specs and Repair",isx engine,isx problems | isx specs | isx rebuild cost | isx common faults,P0,/engine-brands/cummins/,"Must carry engine-specific fault data, not boilerplate"
3,engine-model,/engine-brands/cummins/isb-6-7/,"Cummins ISB 6.7 Engine: Problems, Specs and Repair",isb 6.7 engine,isb 6.7 problems | isb 6.7 specs | isb 6.7 rebuild cost | isb 6.7 common faults,P0,/engine-brands/cummins/,"Must carry engine-specific fault data, not boilerplate"
3,engine-model,/engine-brands/cummins/6bt-5-9/,"Cummins 6BT 5.9 Engine: Problems, Specs and Repair",6bt 5.9 engine,6bt 5.9 problems | 6bt 5.9 specs | 6bt 5.9 rebuild cost | 6bt 5.9 common faults,P0,/engine-brands/cummins/,"Must carry engine-specific fault data, not boilerplate"
3,engine-model,/engine-brands/cummins/qsb/,"Cummins QSB Engine: Problems, Specs and Repair",qsb engine,qsb problems | qsb specs | qsb rebuild cost | qsb common faults,P0,/engine-brands/cummins/,"Must carry engine-specific fault data, not boilerplate"
3,brand-hub,/engine-brands/caterpillar/,Caterpillar Diesel Engines in Australia,caterpillar diesel engine,caterpillar diesel engine problems | caterpillar diesel engine specs,P0,/engine-brands/,Mining and earthmoving — WA/QLD priority
3,engine-model,/engine-brands/caterpillar/c7/,"Caterpillar C7 Engine: Problems, Specs and Repair",c7 engine,c7 problems | c7 specs | c7 rebuild cost | c7 common faults,P0,/engine-brands/caterpillar/,"Must carry engine-specific fault data, not boilerplate"
3,engine-model,/engine-brands/caterpillar/c9/,"Caterpillar C9 Engine: Problems, Specs and Repair",c9 engine,c9 problems | c9 specs | c9 rebuild cost | c9 common faults,P0,/engine-brands/caterpillar/,"Must carry engine-specific fault data, not boilerplate"
3,engine-model,/engine-brands/caterpillar/c15/,"Caterpillar C15 Engine: Problems, Specs and Repair",c15 engine,c15 problems | c15 specs | c15 rebuild cost | c15 common faults,P0,/engine-brands/caterpillar/,"Must carry engine-specific fault data, not boilerplate"
3,engine-model,/engine-brands/caterpillar/c18/,"Caterpillar C18 Engine: Problems, Specs and Repair",c18 engine,c18 problems | c18 specs | c18 rebuild cost | c18 common faults,P0,/engine-brands/caterpillar/,"Must carry engine-specific fault data, not boilerplate"
3,engine-model,/engine-brands/caterpillar/3406e/,"Caterpillar 3406E Engine: Problems, Specs and Repair",3406e engine,3406e problems | 3406e specs | 3406e rebuild cost | 3406e common faults,P0,/engine-brands/caterpillar/,"Must carry engine-specific fault data, not boilerplate"
3,engine-model,/engine-brands/caterpillar/c32/,"Caterpillar C32 Engine: Problems, Specs and Repair",c32 engine,c32 problems | c32 specs | c32 rebuild cost | c32 common faults,P0,/engine-brands/caterpillar/,"Must carry engine-specific fault data, not boilerplate"
3,brand-hub,/engine-brands/detroit-diesel/,Detroit Diesel Diesel Engines in Australia,detroit diesel diesel engine,detroit diesel diesel engine problems | detroit diesel diesel engine specs,P0,/engine-brands/,Linehaul fleets
3,engine-model,/engine-brands/detroit-diesel/dd13/,"Detroit Diesel DD13 Engine: Problems, Specs and Repair",dd13 engine,dd13 problems | dd13 specs | dd13 rebuild cost | dd13 common faults,P0,/engine-brands/detroit-diesel/,"Must carry engine-specific fault data, not boilerplate"
3,engine-model,/engine-brands/detroit-diesel/dd15/,"Detroit Diesel DD15 Engine: Problems, Specs and Repair",dd15 engine,dd15 problems | dd15 specs | dd15 rebuild cost | dd15 common faults,P0,/engine-brands/detroit-diesel/,"Must carry engine-specific fault data, not boilerplate"
3,engine-model,/engine-brands/detroit-diesel/dd16/,"Detroit Diesel DD16 Engine: Problems, Specs and Repair",dd16 engine,dd16 problems | dd16 specs | dd16 rebuild cost | dd16 common faults,P0,/engine-brands/detroit-diesel/,"Must carry engine-specific fault data, not boilerplate"
3,engine-model,/engine-brands/detroit-diesel/series-60/,"Detroit Diesel Series 60 Engine: Problems, Specs and Repair",series 60 engine,series 60 problems | series 60 specs | series 60 rebuild cost | series 60 common faults,P0,/engine-brands/detroit-diesel/,"Must carry engine-specific fault data, not boilerplate"
3,brand-hub,/engine-brands/volvo-penta/,Volvo / Volvo Penta Diesel Engines in Australia,volvo / volvo penta diesel engine,volvo / volvo penta diesel engine problems | volvo / volvo penta diesel engine specs,P0,/engine-brands/,Truck plus marine crossover
3,engine-model,/engine-brands/volvo-penta/d11/,"Volvo / Volvo Penta D11 Engine: Problems, Specs and Repair",d11 engine,d11 problems | d11 specs | d11 rebuild cost | d11 common faults,P0,/engine-brands/volvo-penta/,"Must carry engine-specific fault data, not boilerplate"
3,engine-model,/engine-brands/volvo-penta/d13/,"Volvo / Volvo Penta D13 Engine: Problems, Specs and Repair",d13 engine,d13 problems | d13 specs | d13 rebuild cost | d13 common faults,P0,/engine-brands/volvo-penta/,"Must carry engine-specific fault data, not boilerplate"
3,engine-model,/engine-brands/volvo-penta/d16/,"Volvo / Volvo Penta D16 Engine: Problems, Specs and Repair",d16 engine,d16 problems | d16 specs | d16 rebuild cost | d16 common faults,P0,/engine-brands/volvo-penta/,"Must carry engine-specific fault data, not boilerplate"
3,engine-model,/engine-brands/volvo-penta/d4-marine/,"Volvo / Volvo Penta D4 marine Engine: Problems, Specs and Repair",d4 marine engine,d4 marine problems | d4 marine specs | d4 marine rebuild cost | d4 marine common faults,P0,/engine-brands/volvo-penta/,"Must carry engine-specific fault data, not boilerplate"
3,engine-model,/engine-brands/volvo-penta/d6-marine/,"Volvo / Volvo Penta D6 marine Engine: Problems, Specs and Repair",d6 marine engine,d6 marine problems | d6 marine specs | d6 marine rebuild cost | d6 marine common faults,P0,/engine-brands/volvo-penta/,"Must carry engine-specific fault data, not boilerplate"
3,brand-hub,/engine-brands/scania/,Scania Diesel Engines in Australia,scania diesel engine,scania diesel engine problems | scania diesel engine specs,P1,/engine-brands/,Linehaul
3,engine-model,/engine-brands/scania/dc13/,"Scania DC13 Engine: Problems, Specs and Repair",dc13 engine,dc13 problems | dc13 specs | dc13 rebuild cost | dc13 common faults,P2,/engine-brands/scania/,"Must carry engine-specific fault data, not boilerplate"
3,engine-model,/engine-brands/scania/dc16/,"Scania DC16 Engine: Problems, Specs and Repair",dc16 engine,dc16 problems | dc16 specs | dc16 rebuild cost | dc16 common faults,P2,/engine-brands/scania/,"Must carry engine-specific fault data, not boilerplate"
3,brand-hub,/engine-brands/man/,MAN Diesel Engines in Australia,man diesel engine,man diesel engine problems | man diesel engine specs,P1,/engine-brands/,Linehaul and bus
3,engine-model,/engine-brands/man/d20/,"MAN D20 Engine: Problems, Specs and Repair",d20 engine,d20 problems | d20 specs | d20 rebuild cost | d20 common faults,P2,/engine-brands/man/,"Must carry engine-specific fault data, not boilerplate"
3,engine-model,/engine-brands/man/d26/,"MAN D26 Engine: Problems, Specs and Repair",d26 engine,d26 problems | d26 specs | d26 rebuild cost | d26 common faults,P2,/engine-brands/man/,"Must carry engine-specific fault data, not boilerplate"
3,brand-hub,/engine-brands/hino/,Hino Diesel Engines in Australia,hino diesel engine,hino diesel engine problems | hino diesel engine specs,P0,/engine-brands/,Dominant medium-duty urban fleet
3,engine-model,/engine-brands/hino/j05e/,"Hino J05E Engine: Problems, Specs and Repair",j05e engine,j05e problems | j05e specs | j05e rebuild cost | j05e common faults,P0,/engine-brands/hino/,"Must carry engine-specific fault data, not boilerplate"
3,engine-model,/engine-brands/hino/j08e/,"Hino J08E Engine: Problems, Specs and Repair",j08e engine,j08e problems | j08e specs | j08e rebuild cost | j08e common faults,P0,/engine-brands/hino/,"Must carry engine-specific fault data, not boilerplate"
3,engine-model,/engine-brands/hino/a05c/,"Hino A05C Engine: Problems, Specs and Repair",a05c engine,a05c problems | a05c specs | a05c rebuild cost | a05c common faults,P0,/engine-brands/hino/,"Must carry engine-specific fault data, not boilerplate"
3,brand-hub,/engine-brands/fuso/,Fuso Diesel Engines in Australia,fuso diesel engine,fuso diesel engine problems | fuso diesel engine specs,P0,/engine-brands/,Canter — very high urban density
3,engine-model,/engine-brands/fuso/4p10/,"Fuso 4P10 Engine: Problems, Specs and Repair",4p10 engine,4p10 problems | 4p10 specs | 4p10 rebuild cost | 4p10 common faults,P0,/engine-brands/fuso/,"Must carry engine-specific fault data, not boilerplate"
3,engine-model,/engine-brands/fuso/6m60/,"Fuso 6M60 Engine: Problems, Specs and Repair",6m60 engine,6m60 problems | 6m60 specs | 6m60 rebuild cost | 6m60 common faults,P0,/engine-brands/fuso/,"Must carry engine-specific fault data, not boilerplate"
3,brand-hub,/engine-brands/perkins/,Perkins Diesel Engines in Australia,perkins diesel engine,perkins diesel engine problems | perkins diesel engine specs,P0,/engine-brands/,"Generators, plant, agriculture"
3,engine-model,/engine-brands/perkins/400-series/,"Perkins 400 Series Engine: Problems, Specs and Repair",400 series engine,400 series problems | 400 series specs | 400 series rebuild cost | 400 series common faults,P0,/engine-brands/perkins/,"Must carry engine-specific fault data, not boilerplate"
3,engine-model,/engine-brands/perkins/1100-series/,"Perkins 1100 Series Engine: Problems, Specs and Repair",1100 series engine,1100 series problems | 1100 series specs | 1100 series rebuild cost | 1100 series common faults,P0,/engine-brands/perkins/,"Must carry engine-specific fault data, not boilerplate"
3,engine-model,/engine-brands/perkins/1200-series/,"Perkins 1200 Series Engine: Problems, Specs and Repair",1200 series engine,1200 series problems | 1200 series specs | 1200 series rebuild cost | 1200 series common faults,P0,/engine-brands/perkins/,"Must carry engine-specific fault data, not boilerplate"
3,brand-hub,/engine-brands/kubota/,Kubota Diesel Engines in Australia,kubota diesel engine,kubota diesel engine problems | kubota diesel engine specs,P0,/engine-brands/,Compact plant and mowers — huge long tail
3,engine-model,/engine-brands/kubota/v2403/,"Kubota V2403 Engine: Problems, Specs and Repair",v2403 engine,v2403 problems | v2403 specs | v2403 rebuild cost | v2403 common faults,P0,/engine-brands/kubota/,"Must carry engine-specific fault data, not boilerplate"
3,engine-model,/engine-brands/kubota/d1105/,"Kubota D1105 Engine: Problems, Specs and Repair",d1105 engine,d1105 problems | d1105 specs | d1105 rebuild cost | d1105 common faults,P0,/engine-brands/kubota/,"Must carry engine-specific fault data, not boilerplate"
3,engine-model,/engine-brands/kubota/v3307/,"Kubota V3307 Engine: Problems, Specs and Repair",v3307 engine,v3307 problems | v3307 specs | v3307 rebuild cost | v3307 common faults,P0,/engine-brands/kubota/,"Must carry engine-specific fault data, not boilerplate"
3,brand-hub,/engine-brands/yanmar/,Yanmar Diesel Engines in Australia,yanmar diesel engine,yanmar diesel engine problems | yanmar diesel engine specs,P0,/engine-brands/,Compact plant plus marine
3,engine-model,/engine-brands/yanmar/3tnv/,"Yanmar 3TNV Engine: Problems, Specs and Repair",3tnv engine,3tnv problems | 3tnv specs | 3tnv rebuild cost | 3tnv common faults,P0,/engine-brands/yanmar/,"Must carry engine-specific fault data, not boilerplate"
3,engine-model,/engine-brands/yanmar/4tnv/,"Yanmar 4TNV Engine: Problems, Specs and Repair",4tnv engine,4tnv problems | 4tnv specs | 4tnv rebuild cost | 4tnv common faults,P0,/engine-brands/yanmar/,"Must carry engine-specific fault data, not boilerplate"
3,engine-model,/engine-brands/yanmar/4jh-marine/,"Yanmar 4JH marine Engine: Problems, Specs and Repair",4jh marine engine,4jh marine problems | 4jh marine specs | 4jh marine rebuild cost | 4jh marine common faults,P0,/engine-brands/yanmar/,"Must carry engine-specific fault data, not boilerplate"
3,brand-hub,/engine-brands/deutz/,Deutz Diesel Engines in Australia,deutz diesel engine,deutz diesel engine problems | deutz diesel engine specs,P1,/engine-brands/,Air-cooled legacy plant
3,engine-model,/engine-brands/deutz/tcd-2-9/,"Deutz TCD 2.9 Engine: Problems, Specs and Repair",tcd 2.9 engine,tcd 2.9 problems | tcd 2.9 specs | tcd 2.9 rebuild cost | tcd 2.9 common faults,P2,/engine-brands/deutz/,"Must carry engine-specific fault data, not boilerplate"
3,engine-model,/engine-brands/deutz/bf4m/,"Deutz BF4M Engine: Problems, Specs and Repair",bf4m engine,bf4m problems | bf4m specs | bf4m rebuild cost | bf4m common faults,P2,/engine-brands/deutz/,"Must carry engine-specific fault data, not boilerplate"
3,engine-model,/engine-brands/deutz/td-2-9/,"Deutz TD 2.9 Engine: Problems, Specs and Repair",td 2.9 engine,td 2.9 problems | td 2.9 specs | td 2.9 rebuild cost | td 2.9 common faults,P2,/engine-brands/deutz/,"Must carry engine-specific fault data, not boilerplate"
3,brand-hub,/engine-brands/john-deere/,John Deere Diesel Engines in Australia,john deere diesel engine,john deere diesel engine problems | john deere diesel engine specs,P0,/engine-brands/,Agriculture — regional cities
3,engine-model,/engine-brands/john-deere/powertech-4045/,"John Deere PowerTech 4045 Engine: Problems, Specs and Repair",powertech 4045 engine,powertech 4045 problems | powertech 4045 specs | powertech 4045 rebuild cost | powertech 4045 common faults,P0,/engine-brands/john-deere/,"Must carry engine-specific fault data, not boilerplate"
3,engine-model,/engine-brands/john-deere/6068/,"John Deere 6068 Engine: Problems, Specs and Repair",6068 engine,6068 problems | 6068 specs | 6068 rebuild cost | 6068 common faults,P0,/engine-brands/john-deere/,"Must carry engine-specific fault data, not boilerplate"
3,engine-model,/engine-brands/john-deere/6090/,"John Deere 6090 Engine: Problems, Specs and Repair",6090 engine,6090 problems | 6090 specs | 6090 rebuild cost | 6090 common faults,P0,/engine-brands/john-deere/,"Must carry engine-specific fault data, not boilerplate"
3,brand-hub,/engine-brands/new-holland-fiat/,New Holland / FPT Diesel Engines in Australia,new holland / fpt diesel engine,new holland / fpt diesel engine problems | new holland / fpt diesel engine specs,P1,/engine-brands/,Agriculture
3,engine-model,/engine-brands/new-holland-fiat/nef/,"New Holland / FPT NEF Engine: Problems, Specs and Repair",nef engine,nef problems | nef specs | nef rebuild cost | nef common faults,P2,/engine-brands/new-holland-fiat/,"Must carry engine-specific fault data, not boilerplate"
3,engine-model,/engine-brands/new-holland-fiat/cursor/,"New Holland / FPT Cursor Engine: Problems, Specs and Repair",cursor engine,cursor problems | cursor specs | cursor rebuild cost | cursor common faults,P2,/engine-brands/new-holland-fiat/,"Must carry engine-specific fault data, not boilerplate"
3,brand-hub,/engine-brands/kohler-lombardini/,Kohler / Lombardini Diesel Engines in Australia,kohler / lombardini diesel engine,kohler / lombardini diesel engine problems | kohler / lombardini diesel engine specs,P1,/engine-brands/,Small plant niche
3,engine-model,/engine-brands/kohler-lombardini/kdw/,"Kohler / Lombardini KDW Engine: Problems, Specs and Repair",kdw engine,kdw problems | kdw specs | kdw rebuild cost | kdw common faults,P2,/engine-brands/kohler-lombardini/,"Must carry engine-specific fault data, not boilerplate"
3,engine-model,/engine-brands/kohler-lombardini/kd/,"Kohler / Lombardini KD Engine: Problems, Specs and Repair",kd engine,kd problems | kd specs | kd rebuild cost | kd common faults,P2,/engine-brands/kohler-lombardini/,"Must carry engine-specific fault data, not boilerplate"
3,brand-hub,/engine-brands/mercury-mercruiser/,Mercruiser / Mercury Diesel Diesel Engines in Australia,mercruiser / mercury diesel diesel engine,mercruiser / mercury diesel diesel engine problems | mercruiser / mercury diesel diesel engine specs,P1,/engine-brands/,Marine — coastal cities
3,engine-model,/engine-brands/mercury-mercruiser/tdi-3-0/,"Mercruiser / Mercury Diesel TDI 3.0 Engine: Problems, Specs and Repair",tdi 3.0 engine,tdi 3.0 problems | tdi 3.0 specs | tdi 3.0 rebuild cost | tdi 3.0 common faults,P2,/engine-brands/mercury-mercruiser/,"Must carry engine-specific fault data, not boilerplate"
3,engine-model,/engine-brands/mercury-mercruiser/4-2/,"Mercruiser / Mercury Diesel 4.2 Engine: Problems, Specs and Repair",4.2 engine,4.2 problems | 4.2 specs | 4.2 rebuild cost | 4.2 common faults,P2,/engine-brands/mercury-mercruiser/,"Must carry engine-specific fault data, not boilerplate"
4,city-hub,/diesel-mechanics/hobart/,Diesel Mechanics in Hobart,diesel mechanic hobart,diesel repairs hobart | diesel specialist hobart,P1,/find-a-diesel-mechanic/,Tier 2 expansion
4,city-service,/services/diesel-mechanic/hobart/,Diesel Mechanic in Hobart,diesel mechanic hobart,diesel mechanic near me hobart,P2,/diesel-mechanics/hobart/,Publish only where >=3 verified local providers exist
4,city-service,/services/diesel-engine-rebuild/hobart/,Diesel Engine Rebuild in Hobart,diesel engine rebuild hobart,diesel engine rebuild near me hobart,P2,/diesel-mechanics/hobart/,Publish only where >=3 verified local providers exist
4,city-service,/services/diesel-engine-reconditioning/hobart/,Diesel Engine Reconditioning in Hobart,diesel engine reconditioning hobart,diesel engine reconditioning near me hobart,P2,/diesel-mechanics/hobart/,Publish only where >=3 verified local providers exist
4,city-service,/services/dpf-cleaning/hobart/,DPF Cleaning in Hobart,dpf cleaning hobart,dpf cleaning near me hobart,P2,/diesel-mechanics/hobart/,Publish only where >=3 verified local providers exist
4,city-service,/services/diesel-injector-replacement/hobart/,Diesel Injector Replacement in Hobart,diesel injector replacement hobart,diesel injector replacement near me hobart,P2,/diesel-mechanics/hobart/,Publish only where >=3 verified local providers exist
4,city-service,/services/turbo-repair/hobart/,Turbocharger Repair in Hobart,turbocharger repair hobart,turbocharger repair near me hobart,P2,/diesel-mechanics/hobart/,Publish only where >=3 verified local providers exist
4,city-service,/services/turbo-replacement/hobart/,Turbocharger Replacement in Hobart,turbocharger replacement hobart,turbocharger replacement near me hobart,P2,/diesel-mechanics/hobart/,Publish only where >=3 verified local providers exist
4,city-service,/services/cylinder-head-repair/hobart/,Cylinder Head Repair in Hobart,cylinder head repair hobart,cylinder head repair near me hobart,P2,/diesel-mechanics/hobart/,Publish only where >=3 verified local providers exist
4,city-service,/services/head-gasket-replacement/hobart/,Head Gasket Replacement in Hobart,head gasket replacement hobart,head gasket replacement near me hobart,P2,/diesel-mechanics/hobart/,Publish only where >=3 verified local providers exist
4,city-service,/services/diesel-engine-swap/hobart/,Diesel Engine Swap / Replacement in Hobart,diesel engine swap / replacement hobart,diesel engine swap / replacement near me hobart,P2,/diesel-mechanics/hobart/,Publish only where >=3 verified local providers exist
4,city-service,/services/mobile-diesel-mechanic/hobart/,Mobile Diesel Mechanic in Hobart,mobile diesel mechanic hobart,mobile diesel mechanic near me hobart,P2,/diesel-mechanics/hobart/,Publish only where >=3 verified local providers exist
4,city-service,/services/truck-diesel-mechanic/hobart/,Truck & Heavy Vehicle Diesel Mechanic in Hobart,truck & heavy vehicle diesel mechanic hobart,truck & heavy vehicle diesel mechanic near me hobart,P2,/diesel-mechanics/hobart/,Publish only where >=3 verified local providers exist
4,city-service,/services/4wd-diesel-specialist/hobart/,4WD & Ute Diesel Specialist in Hobart,4wd & ute diesel specialist hobart,4wd & ute diesel specialist near me hobart,P2,/diesel-mechanics/hobart/,Publish only where >=3 verified local providers exist
4,city-hub,/diesel-mechanics/geelong/,Diesel Mechanics in Geelong,diesel mechanic geelong,diesel repairs geelong | diesel specialist geelong,P1,/find-a-diesel-mechanic/,Tier 2 expansion
4,city-service,/services/diesel-mechanic/geelong/,Diesel Mechanic in Geelong,diesel mechanic geelong,diesel mechanic near me geelong,P2,/diesel-mechanics/geelong/,Publish only where >=3 verified local providers exist
4,city-service,/services/diesel-engine-rebuild/geelong/,Diesel Engine Rebuild in Geelong,diesel engine rebuild geelong,diesel engine rebuild near me geelong,P2,/diesel-mechanics/geelong/,Publish only where >=3 verified local providers exist
4,city-service,/services/diesel-engine-reconditioning/geelong/,Diesel Engine Reconditioning in Geelong,diesel engine reconditioning geelong,diesel engine reconditioning near me geelong,P2,/diesel-mechanics/geelong/,Publish only where >=3 verified local providers exist
4,city-service,/services/dpf-cleaning/geelong/,DPF Cleaning in Geelong,dpf cleaning geelong,dpf cleaning near me geelong,P2,/diesel-mechanics/geelong/,Publish only where >=3 verified local providers exist
4,city-service,/services/diesel-injector-replacement/geelong/,Diesel Injector Replacement in Geelong,diesel injector replacement geelong,diesel injector replacement near me geelong,P2,/diesel-mechanics/geelong/,Publish only where >=3 verified local providers exist
4,city-service,/services/turbo-repair/geelong/,Turbocharger Repair in Geelong,turbocharger repair geelong,turbocharger repair near me geelong,P2,/diesel-mechanics/geelong/,Publish only where >=3 verified local providers exist
4,city-service,/services/turbo-replacement/geelong/,Turbocharger Replacement in Geelong,turbocharger replacement geelong,turbocharger replacement near me geelong,P2,/diesel-mechanics/geelong/,Publish only where >=3 verified local providers exist
4,city-service,/services/cylinder-head-repair/geelong/,Cylinder Head Repair in Geelong,cylinder head repair geelong,cylinder head repair near me geelong,P2,/diesel-mechanics/geelong/,Publish only where >=3 verified local providers exist
4,city-service,/services/head-gasket-replacement/geelong/,Head Gasket Replacement in Geelong,head gasket replacement geelong,head gasket replacement near me geelong,P2,/diesel-mechanics/geelong/,Publish only where >=3 verified local providers exist
4,city-service,/services/diesel-engine-swap/geelong/,Diesel Engine Swap / Replacement in Geelong,diesel engine swap / replacement geelong,diesel engine swap / replacement near me geelong,P2,/diesel-mechanics/geelong/,Publish only where >=3 verified local providers exist
4,city-service,/services/mobile-diesel-mechanic/geelong/,Mobile Diesel Mechanic in Geelong,mobile diesel mechanic geelong,mobile diesel mechanic near me geelong,P2,/diesel-mechanics/geelong/,Publish only where >=3 verified local providers exist
4,city-service,/services/truck-diesel-mechanic/geelong/,Truck & Heavy Vehicle Diesel Mechanic in Geelong,truck & heavy vehicle diesel mechanic geelong,truck & heavy vehicle diesel mechanic near me geelong,P2,/diesel-mechanics/geelong/,Publish only where >=3 verified local providers exist
4,city-service,/services/4wd-diesel-specialist/geelong/,4WD & Ute Diesel Specialist in Geelong,4wd & ute diesel specialist geelong,4wd & ute diesel specialist near me geelong,P2,/diesel-mechanics/geelong/,Publish only where >=3 verified local providers exist
4,city-hub,/diesel-mechanics/townsville/,Diesel Mechanics in Townsville,diesel mechanic townsville,diesel repairs townsville | diesel specialist townsville,P1,/find-a-diesel-mechanic/,Tier 2 expansion; mining services
4,city-service,/services/diesel-mechanic/townsville/,Diesel Mechanic in Townsville,diesel mechanic townsville,diesel mechanic near me townsville,P2,/diesel-mechanics/townsville/,Publish only where >=3 verified local providers exist
4,city-service,/services/diesel-engine-rebuild/townsville/,Diesel Engine Rebuild in Townsville,diesel engine rebuild townsville,diesel engine rebuild near me townsville,P2,/diesel-mechanics/townsville/,Publish only where >=3 verified local providers exist
4,city-service,/services/diesel-engine-reconditioning/townsville/,Diesel Engine Reconditioning in Townsville,diesel engine reconditioning townsville,diesel engine reconditioning near me townsville,P2,/diesel-mechanics/townsville/,Publish only where >=3 verified local providers exist
4,city-service,/services/dpf-cleaning/townsville/,DPF Cleaning in Townsville,dpf cleaning townsville,dpf cleaning near me townsville,P2,/diesel-mechanics/townsville/,Publish only where >=3 verified local providers exist
4,city-service,/services/diesel-injector-replacement/townsville/,Diesel Injector Replacement in Townsville,diesel injector replacement townsville,diesel injector replacement near me townsville,P2,/diesel-mechanics/townsville/,Publish only where >=3 verified local providers exist
4,city-service,/services/turbo-repair/townsville/,Turbocharger Repair in Townsville,turbocharger repair townsville,turbocharger repair near me townsville,P2,/diesel-mechanics/townsville/,Publish only where >=3 verified local providers exist
4,city-service,/services/turbo-replacement/townsville/,Turbocharger Replacement in Townsville,turbocharger replacement townsville,turbocharger replacement near me townsville,P2,/diesel-mechanics/townsville/,Publish only where >=3 verified local providers exist
4,city-service,/services/cylinder-head-repair/townsville/,Cylinder Head Repair in Townsville,cylinder head repair townsville,cylinder head repair near me townsville,P2,/diesel-mechanics/townsville/,Publish only where >=3 verified local providers exist
4,city-service,/services/head-gasket-replacement/townsville/,Head Gasket Replacement in Townsville,head gasket replacement townsville,head gasket replacement near me townsville,P2,/diesel-mechanics/townsville/,Publish only where >=3 verified local providers exist
4,city-service,/services/diesel-engine-swap/townsville/,Diesel Engine Swap / Replacement in Townsville,diesel engine swap / replacement townsville,diesel engine swap / replacement near me townsville,P2,/diesel-mechanics/townsville/,Publish only where >=3 verified local providers exist
4,city-service,/services/mobile-diesel-mechanic/townsville/,Mobile Diesel Mechanic in Townsville,mobile diesel mechanic townsville,mobile diesel mechanic near me townsville,P2,/diesel-mechanics/townsville/,Publish only where >=3 verified local providers exist
4,city-service,/services/truck-diesel-mechanic/townsville/,Truck & Heavy Vehicle Diesel Mechanic in Townsville,truck & heavy vehicle diesel mechanic townsville,truck & heavy vehicle diesel mechanic near me townsville,P2,/diesel-mechanics/townsville/,Publish only where >=3 verified local providers exist
4,city-service,/services/4wd-diesel-specialist/townsville/,4WD & Ute Diesel Specialist in Townsville,4wd & ute diesel specialist townsville,4wd & ute diesel specialist near me townsville,P2,/diesel-mechanics/townsville/,Publish only where >=3 verified local providers exist
4,city-hub,/diesel-mechanics/cairns/,Diesel Mechanics in Cairns,diesel mechanic cairns,diesel repairs cairns | diesel specialist cairns,P1,/find-a-diesel-mechanic/,Tier 2 expansion; marine diesel
4,city-service,/services/diesel-mechanic/cairns/,Diesel Mechanic in Cairns,diesel mechanic cairns,diesel mechanic near me cairns,P2,/diesel-mechanics/cairns/,Publish only where >=3 verified local providers exist
4,city-service,/services/diesel-engine-rebuild/cairns/,Diesel Engine Rebuild in Cairns,diesel engine rebuild cairns,diesel engine rebuild near me cairns,P2,/diesel-mechanics/cairns/,Publish only where >=3 verified local providers exist
4,city-service,/services/diesel-engine-reconditioning/cairns/,Diesel Engine Reconditioning in Cairns,diesel engine reconditioning cairns,diesel engine reconditioning near me cairns,P2,/diesel-mechanics/cairns/,Publish only where >=3 verified local providers exist
4,city-service,/services/dpf-cleaning/cairns/,DPF Cleaning in Cairns,dpf cleaning cairns,dpf cleaning near me cairns,P2,/diesel-mechanics/cairns/,Publish only where >=3 verified local providers exist
4,city-service,/services/diesel-injector-replacement/cairns/,Diesel Injector Replacement in Cairns,diesel injector replacement cairns,diesel injector replacement near me cairns,P2,/diesel-mechanics/cairns/,Publish only where >=3 verified local providers exist
4,city-service,/services/turbo-repair/cairns/,Turbocharger Repair in Cairns,turbocharger repair cairns,turbocharger repair near me cairns,P2,/diesel-mechanics/cairns/,Publish only where >=3 verified local providers exist
4,city-service,/services/turbo-replacement/cairns/,Turbocharger Replacement in Cairns,turbocharger replacement cairns,turbocharger replacement near me cairns,P2,/diesel-mechanics/cairns/,Publish only where >=3 verified local providers exist
4,city-service,/services/cylinder-head-repair/cairns/,Cylinder Head Repair in Cairns,cylinder head repair cairns,cylinder head repair near me cairns,P2,/diesel-mechanics/cairns/,Publish only where >=3 verified local providers exist
4,city-service,/services/head-gasket-replacement/cairns/,Head Gasket Replacement in Cairns,head gasket replacement cairns,head gasket replacement near me cairns,P2,/diesel-mechanics/cairns/,Publish only where >=3 verified local providers exist
4,city-service,/services/diesel-engine-swap/cairns/,Diesel Engine Swap / Replacement in Cairns,diesel engine swap / replacement cairns,diesel engine swap / replacement near me cairns,P2,/diesel-mechanics/cairns/,Publish only where >=3 verified local providers exist
4,city-service,/services/mobile-diesel-mechanic/cairns/,Mobile Diesel Mechanic in Cairns,mobile diesel mechanic cairns,mobile diesel mechanic near me cairns,P2,/diesel-mechanics/cairns/,Publish only where >=3 verified local providers exist
4,city-service,/services/truck-diesel-mechanic/cairns/,Truck & Heavy Vehicle Diesel Mechanic in Cairns,truck & heavy vehicle diesel mechanic cairns,truck & heavy vehicle diesel mechanic near me cairns,P2,/diesel-mechanics/cairns/,Publish only where >=3 verified local providers exist
4,city-service,/services/4wd-diesel-specialist/cairns/,4WD & Ute Diesel Specialist in Cairns,4wd & ute diesel specialist cairns,4wd & ute diesel specialist near me cairns,P2,/diesel-mechanics/cairns/,Publish only where >=3 verified local providers exist
4,city-hub,/diesel-mechanics/toowoomba/,Diesel Mechanics in Toowoomba,diesel mechanic toowoomba,diesel repairs toowoomba | diesel specialist toowoomba,P1,/find-a-diesel-mechanic/,Tier 2 expansion; agricultural diesel
4,city-service,/services/diesel-mechanic/toowoomba/,Diesel Mechanic in Toowoomba,diesel mechanic toowoomba,diesel mechanic near me toowoomba,P2,/diesel-mechanics/toowoomba/,Publish only where >=3 verified local providers exist
4,city-service,/services/diesel-engine-rebuild/toowoomba/,Diesel Engine Rebuild in Toowoomba,diesel engine rebuild toowoomba,diesel engine rebuild near me toowoomba,P2,/diesel-mechanics/toowoomba/,Publish only where >=3 verified local providers exist
4,city-service,/services/diesel-engine-reconditioning/toowoomba/,Diesel Engine Reconditioning in Toowoomba,diesel engine reconditioning toowoomba,diesel engine reconditioning near me toowoomba,P2,/diesel-mechanics/toowoomba/,Publish only where >=3 verified local providers exist
4,city-service,/services/dpf-cleaning/toowoomba/,DPF Cleaning in Toowoomba,dpf cleaning toowoomba,dpf cleaning near me toowoomba,P2,/diesel-mechanics/toowoomba/,Publish only where >=3 verified local providers exist
4,city-service,/services/diesel-injector-replacement/toowoomba/,Diesel Injector Replacement in Toowoomba,diesel injector replacement toowoomba,diesel injector replacement near me toowoomba,P2,/diesel-mechanics/toowoomba/,Publish only where >=3 verified local providers exist
4,city-service,/services/turbo-repair/toowoomba/,Turbocharger Repair in Toowoomba,turbocharger repair toowoomba,turbocharger repair near me toowoomba,P2,/diesel-mechanics/toowoomba/,Publish only where >=3 verified local providers exist
4,city-service,/services/turbo-replacement/toowoomba/,Turbocharger Replacement in Toowoomba,turbocharger replacement toowoomba,turbocharger replacement near me toowoomba,P2,/diesel-mechanics/toowoomba/,Publish only where >=3 verified local providers exist
4,city-service,/services/cylinder-head-repair/toowoomba/,Cylinder Head Repair in Toowoomba,cylinder head repair toowoomba,cylinder head repair near me toowoomba,P2,/diesel-mechanics/toowoomba/,Publish only where >=3 verified local providers exist
4,city-service,/services/head-gasket-replacement/toowoomba/,Head Gasket Replacement in Toowoomba,head gasket replacement toowoomba,head gasket replacement near me toowoomba,P2,/diesel-mechanics/toowoomba/,Publish only where >=3 verified local providers exist
4,city-service,/services/diesel-engine-swap/toowoomba/,Diesel Engine Swap / Replacement in Toowoomba,diesel engine swap / replacement toowoomba,diesel engine swap / replacement near me toowoomba,P2,/diesel-mechanics/toowoomba/,Publish only where >=3 verified local providers exist
4,city-service,/services/mobile-diesel-mechanic/toowoomba/,Mobile Diesel Mechanic in Toowoomba,mobile diesel mechanic toowoomba,mobile diesel mechanic near me toowoomba,P2,/diesel-mechanics/toowoomba/,Publish only where >=3 verified local providers exist
4,city-service,/services/truck-diesel-mechanic/toowoomba/,Truck & Heavy Vehicle Diesel Mechanic in Toowoomba,truck & heavy vehicle diesel mechanic toowoomba,truck & heavy vehicle diesel mechanic near me toowoomba,P2,/diesel-mechanics/toowoomba/,Publish only where >=3 verified local providers exist
4,city-service,/services/4wd-diesel-specialist/toowoomba/,4WD & Ute Diesel Specialist in Toowoomba,4wd & ute diesel specialist toowoomba,4wd & ute diesel specialist near me toowoomba,P2,/diesel-mechanics/toowoomba/,Publish only where >=3 verified local providers exist
4,city-hub,/diesel-mechanics/darwin/,Diesel Mechanics in Darwin,diesel mechanic darwin,diesel repairs darwin | diesel specialist darwin,P1,/find-a-diesel-mechanic/,Tier 2 expansion; heavy haulage
4,city-service,/services/diesel-mechanic/darwin/,Diesel Mechanic in Darwin,diesel mechanic darwin,diesel mechanic near me darwin,P2,/diesel-mechanics/darwin/,Publish only where >=3 verified local providers exist
4,city-service,/services/diesel-engine-rebuild/darwin/,Diesel Engine Rebuild in Darwin,diesel engine rebuild darwin,diesel engine rebuild near me darwin,P2,/diesel-mechanics/darwin/,Publish only where >=3 verified local providers exist
4,city-service,/services/diesel-engine-reconditioning/darwin/,Diesel Engine Reconditioning in Darwin,diesel engine reconditioning darwin,diesel engine reconditioning near me darwin,P2,/diesel-mechanics/darwin/,Publish only where >=3 verified local providers exist
4,city-service,/services/dpf-cleaning/darwin/,DPF Cleaning in Darwin,dpf cleaning darwin,dpf cleaning near me darwin,P2,/diesel-mechanics/darwin/,Publish only where >=3 verified local providers exist
4,city-service,/services/diesel-injector-replacement/darwin/,Diesel Injector Replacement in Darwin,diesel injector replacement darwin,diesel injector replacement near me darwin,P2,/diesel-mechanics/darwin/,Publish only where >=3 verified local providers exist
4,city-service,/services/turbo-repair/darwin/,Turbocharger Repair in Darwin,turbocharger repair darwin,turbocharger repair near me darwin,P2,/diesel-mechanics/darwin/,Publish only where >=3 verified local providers exist
4,city-service,/services/turbo-replacement/darwin/,Turbocharger Replacement in Darwin,turbocharger replacement darwin,turbocharger replacement near me darwin,P2,/diesel-mechanics/darwin/,Publish only where >=3 verified local providers exist
4,city-service,/services/cylinder-head-repair/darwin/,Cylinder Head Repair in Darwin,cylinder head repair darwin,cylinder head repair near me darwin,P2,/diesel-mechanics/darwin/,Publish only where >=3 verified local providers exist
4,city-service,/services/head-gasket-replacement/darwin/,Head Gasket Replacement in Darwin,head gasket replacement darwin,head gasket replacement near me darwin,P2,/diesel-mechanics/darwin/,Publish only where >=3 verified local providers exist
4,city-service,/services/diesel-engine-swap/darwin/,Diesel Engine Swap / Replacement in Darwin,diesel engine swap / replacement darwin,diesel engine swap / replacement near me darwin,P2,/diesel-mechanics/darwin/,Publish only where >=3 verified local providers exist
4,city-service,/services/mobile-diesel-mechanic/darwin/,Mobile Diesel Mechanic in Darwin,mobile diesel mechanic darwin,mobile diesel mechanic near me darwin,P2,/diesel-mechanics/darwin/,Publish only where >=3 verified local providers exist
4,city-service,/services/truck-diesel-mechanic/darwin/,Truck & Heavy Vehicle Diesel Mechanic in Darwin,truck & heavy vehicle diesel mechanic darwin,truck & heavy vehicle diesel mechanic near me darwin,P2,/diesel-mechanics/darwin/,Publish only where >=3 verified local providers exist
4,city-service,/services/4wd-diesel-specialist/darwin/,4WD & Ute Diesel Specialist in Darwin,4wd & ute diesel specialist darwin,4wd & ute diesel specialist near me darwin,P2,/diesel-mechanics/darwin/,Publish only where >=3 verified local providers exist
4,city-hub,/diesel-mechanics/ballarat/,Diesel Mechanics in Ballarat,diesel mechanic ballarat,diesel repairs ballarat | diesel specialist ballarat,P1,/find-a-diesel-mechanic/,Tier 2 expansion
4,city-service,/services/diesel-mechanic/ballarat/,Diesel Mechanic in Ballarat,diesel mechanic ballarat,diesel mechanic near me ballarat,P2,/diesel-mechanics/ballarat/,Publish only where >=3 verified local providers exist
4,city-service,/services/diesel-engine-rebuild/ballarat/,Diesel Engine Rebuild in Ballarat,diesel engine rebuild ballarat,diesel engine rebuild near me ballarat,P2,/diesel-mechanics/ballarat/,Publish only where >=3 verified local providers exist
4,city-service,/services/diesel-engine-reconditioning/ballarat/,Diesel Engine Reconditioning in Ballarat,diesel engine reconditioning ballarat,diesel engine reconditioning near me ballarat,P2,/diesel-mechanics/ballarat/,Publish only where >=3 verified local providers exist
4,city-service,/services/dpf-cleaning/ballarat/,DPF Cleaning in Ballarat,dpf cleaning ballarat,dpf cleaning near me ballarat,P2,/diesel-mechanics/ballarat/,Publish only where >=3 verified local providers exist
4,city-service,/services/diesel-injector-replacement/ballarat/,Diesel Injector Replacement in Ballarat,diesel injector replacement ballarat,diesel injector replacement near me ballarat,P2,/diesel-mechanics/ballarat/,Publish only where >=3 verified local providers exist
4,city-service,/services/turbo-repair/ballarat/,Turbocharger Repair in Ballarat,turbocharger repair ballarat,turbocharger repair near me ballarat,P2,/diesel-mechanics/ballarat/,Publish only where >=3 verified local providers exist
4,city-service,/services/turbo-replacement/ballarat/,Turbocharger Replacement in Ballarat,turbocharger replacement ballarat,turbocharger replacement near me ballarat,P2,/diesel-mechanics/ballarat/,Publish only where >=3 verified local providers exist
4,city-service,/services/cylinder-head-repair/ballarat/,Cylinder Head Repair in Ballarat,cylinder head repair ballarat,cylinder head repair near me ballarat,P2,/diesel-mechanics/ballarat/,Publish only where >=3 verified local providers exist
4,city-service,/services/head-gasket-replacement/ballarat/,Head Gasket Replacement in Ballarat,head gasket replacement ballarat,head gasket replacement near me ballarat,P2,/diesel-mechanics/ballarat/,Publish only where >=3 verified local providers exist
4,city-service,/services/diesel-engine-swap/ballarat/,Diesel Engine Swap / Replacement in Ballarat,diesel engine swap / replacement ballarat,diesel engine swap / replacement near me ballarat,P2,/diesel-mechanics/ballarat/,Publish only where >=3 verified local providers exist
4,city-service,/services/mobile-diesel-mechanic/ballarat/,Mobile Diesel Mechanic in Ballarat,mobile diesel mechanic ballarat,mobile diesel mechanic near me ballarat,P2,/diesel-mechanics/ballarat/,Publish only where >=3 verified local providers exist
4,city-service,/services/truck-diesel-mechanic/ballarat/,Truck & Heavy Vehicle Diesel Mechanic in Ballarat,truck & heavy vehicle diesel mechanic ballarat,truck & heavy vehicle diesel mechanic near me ballarat,P2,/diesel-mechanics/ballarat/,Publish only where >=3 verified local providers exist
4,city-service,/services/4wd-diesel-specialist/ballarat/,4WD & Ute Diesel Specialist in Ballarat,4wd & ute diesel specialist ballarat,4wd & ute diesel specialist near me ballarat,P2,/diesel-mechanics/ballarat/,Publish only where >=3 verified local providers exist
4,city-hub,/diesel-mechanics/bendigo/,Diesel Mechanics in Bendigo,diesel mechanic bendigo,diesel repairs bendigo | diesel specialist bendigo,P1,/find-a-diesel-mechanic/,Tier 2 expansion
4,city-service,/services/diesel-mechanic/bendigo/,Diesel Mechanic in Bendigo,diesel mechanic bendigo,diesel mechanic near me bendigo,P2,/diesel-mechanics/bendigo/,Publish only where >=3 verified local providers exist
4,city-service,/services/diesel-engine-rebuild/bendigo/,Diesel Engine Rebuild in Bendigo,diesel engine rebuild bendigo,diesel engine rebuild near me bendigo,P2,/diesel-mechanics/bendigo/,Publish only where >=3 verified local providers exist
4,city-service,/services/diesel-engine-reconditioning/bendigo/,Diesel Engine Reconditioning in Bendigo,diesel engine reconditioning bendigo,diesel engine reconditioning near me bendigo,P2,/diesel-mechanics/bendigo/,Publish only where >=3 verified local providers exist
4,city-service,/services/dpf-cleaning/bendigo/,DPF Cleaning in Bendigo,dpf cleaning bendigo,dpf cleaning near me bendigo,P2,/diesel-mechanics/bendigo/,Publish only where >=3 verified local providers exist
4,city-service,/services/diesel-injector-replacement/bendigo/,Diesel Injector Replacement in Bendigo,diesel injector replacement bendigo,diesel injector replacement near me bendigo,P2,/diesel-mechanics/bendigo/,Publish only where >=3 verified local providers exist
4,city-service,/services/turbo-repair/bendigo/,Turbocharger Repair in Bendigo,turbocharger repair bendigo,turbocharger repair near me bendigo,P2,/diesel-mechanics/bendigo/,Publish only where >=3 verified local providers exist
4,city-service,/services/turbo-replacement/bendigo/,Turbocharger Replacement in Bendigo,turbocharger replacement bendigo,turbocharger replacement near me bendigo,P2,/diesel-mechanics/bendigo/,Publish only where >=3 verified local providers exist
4,city-service,/services/cylinder-head-repair/bendigo/,Cylinder Head Repair in Bendigo,cylinder head repair bendigo,cylinder head repair near me bendigo,P2,/diesel-mechanics/bendigo/,Publish only where >=3 verified local providers exist
4,city-service,/services/head-gasket-replacement/bendigo/,Head Gasket Replacement in Bendigo,head gasket replacement bendigo,head gasket replacement near me bendigo,P2,/diesel-mechanics/bendigo/,Publish only where >=3 verified local providers exist
4,city-service,/services/diesel-engine-swap/bendigo/,Diesel Engine Swap / Replacement in Bendigo,diesel engine swap / replacement bendigo,diesel engine swap / replacement near me bendigo,P2,/diesel-mechanics/bendigo/,Publish only where >=3 verified local providers exist
4,city-service,/services/mobile-diesel-mechanic/bendigo/,Mobile Diesel Mechanic in Bendigo,mobile diesel mechanic bendigo,mobile diesel mechanic near me bendigo,P2,/diesel-mechanics/bendigo/,Publish only where >=3 verified local providers exist
4,city-service,/services/truck-diesel-mechanic/bendigo/,Truck & Heavy Vehicle Diesel Mechanic in Bendigo,truck & heavy vehicle diesel mechanic bendigo,truck & heavy vehicle diesel mechanic near me bendigo,P2,/diesel-mechanics/bendigo/,Publish only where >=3 verified local providers exist
4,city-service,/services/4wd-diesel-specialist/bendigo/,4WD & Ute Diesel Specialist in Bendigo,4wd & ute diesel specialist bendigo,4wd & ute diesel specialist near me bendigo,P2,/diesel-mechanics/bendigo/,Publish only where >=3 verified local providers exist
4,city-hub,/diesel-mechanics/launceston/,Diesel Mechanics in Launceston,diesel mechanic launceston,diesel repairs launceston | diesel specialist launceston,P1,/find-a-diesel-mechanic/,Tier 2 expansion
4,city-service,/services/diesel-mechanic/launceston/,Diesel Mechanic in Launceston,diesel mechanic launceston,diesel mechanic near me launceston,P2,/diesel-mechanics/launceston/,Publish only where >=3 verified local providers exist
4,city-service,/services/diesel-engine-rebuild/launceston/,Diesel Engine Rebuild in Launceston,diesel engine rebuild launceston,diesel engine rebuild near me launceston,P2,/diesel-mechanics/launceston/,Publish only where >=3 verified local providers exist
4,city-service,/services/diesel-engine-reconditioning/launceston/,Diesel Engine Reconditioning in Launceston,diesel engine reconditioning launceston,diesel engine reconditioning near me launceston,P2,/diesel-mechanics/launceston/,Publish only where >=3 verified local providers exist
4,city-service,/services/dpf-cleaning/launceston/,DPF Cleaning in Launceston,dpf cleaning launceston,dpf cleaning near me launceston,P2,/diesel-mechanics/launceston/,Publish only where >=3 verified local providers exist
4,city-service,/services/diesel-injector-replacement/launceston/,Diesel Injector Replacement in Launceston,diesel injector replacement launceston,diesel injector replacement near me launceston,P2,/diesel-mechanics/launceston/,Publish only where >=3 verified local providers exist
4,city-service,/services/turbo-repair/launceston/,Turbocharger Repair in Launceston,turbocharger repair launceston,turbocharger repair near me launceston,P2,/diesel-mechanics/launceston/,Publish only where >=3 verified local providers exist
4,city-service,/services/turbo-replacement/launceston/,Turbocharger Replacement in Launceston,turbocharger replacement launceston,turbocharger replacement near me launceston,P2,/diesel-mechanics/launceston/,Publish only where >=3 verified local providers exist
4,city-service,/services/cylinder-head-repair/launceston/,Cylinder Head Repair in Launceston,cylinder head repair launceston,cylinder head repair near me launceston,P2,/diesel-mechanics/launceston/,Publish only where >=3 verified local providers exist
4,city-service,/services/head-gasket-replacement/launceston/,Head Gasket Replacement in Launceston,head gasket replacement launceston,head gasket replacement near me launceston,P2,/diesel-mechanics/launceston/,Publish only where >=3 verified local providers exist
4,city-service,/services/diesel-engine-swap/launceston/,Diesel Engine Swap / Replacement in Launceston,diesel engine swap / replacement launceston,diesel engine swap / replacement near me launceston,P2,/diesel-mechanics/launceston/,Publish only where >=3 verified local providers exist
4,city-service,/services/mobile-diesel-mechanic/launceston/,Mobile Diesel Mechanic in Launceston,mobile diesel mechanic launceston,mobile diesel mechanic near me launceston,P2,/diesel-mechanics/launceston/,Publish only where >=3 verified local providers exist
4,city-service,/services/truck-diesel-mechanic/launceston/,Truck & Heavy Vehicle Diesel Mechanic in Launceston,truck & heavy vehicle diesel mechanic launceston,truck & heavy vehicle diesel mechanic near me launceston,P2,/diesel-mechanics/launceston/,Publish only where >=3 verified local providers exist
4,city-service,/services/4wd-diesel-specialist/launceston/,4WD & Ute Diesel Specialist in Launceston,4wd & ute diesel specialist launceston,4wd & ute diesel specialist near me launceston,P2,/diesel-mechanics/launceston/,Publish only where >=3 verified local providers exist
4,city-hub,/diesel-mechanics/mackay/,Diesel Mechanics in Mackay,diesel mechanic mackay,diesel repairs mackay | diesel specialist mackay,P1,/find-a-diesel-mechanic/,Tier 2 expansion; mining services
4,city-service,/services/diesel-mechanic/mackay/,Diesel Mechanic in Mackay,diesel mechanic mackay,diesel mechanic near me mackay,P2,/diesel-mechanics/mackay/,Publish only where >=3 verified local providers exist
4,city-service,/services/diesel-engine-rebuild/mackay/,Diesel Engine Rebuild in Mackay,diesel engine rebuild mackay,diesel engine rebuild near me mackay,P2,/diesel-mechanics/mackay/,Publish only where >=3 verified local providers exist
4,city-service,/services/diesel-engine-reconditioning/mackay/,Diesel Engine Reconditioning in Mackay,diesel engine reconditioning mackay,diesel engine reconditioning near me mackay,P2,/diesel-mechanics/mackay/,Publish only where >=3 verified local providers exist
4,city-service,/services/dpf-cleaning/mackay/,DPF Cleaning in Mackay,dpf cleaning mackay,dpf cleaning near me mackay,P2,/diesel-mechanics/mackay/,Publish only where >=3 verified local providers exist
4,city-service,/services/diesel-injector-replacement/mackay/,Diesel Injector Replacement in Mackay,diesel injector replacement mackay,diesel injector replacement near me mackay,P2,/diesel-mechanics/mackay/,Publish only where >=3 verified local providers exist
4,city-service,/services/turbo-repair/mackay/,Turbocharger Repair in Mackay,turbocharger repair mackay,turbocharger repair near me mackay,P2,/diesel-mechanics/mackay/,Publish only where >=3 verified local providers exist
4,city-service,/services/turbo-replacement/mackay/,Turbocharger Replacement in Mackay,turbocharger replacement mackay,turbocharger replacement near me mackay,P2,/diesel-mechanics/mackay/,Publish only where >=3 verified local providers exist
4,city-service,/services/cylinder-head-repair/mackay/,Cylinder Head Repair in Mackay,cylinder head repair mackay,cylinder head repair near me mackay,P2,/diesel-mechanics/mackay/,Publish only where >=3 verified local providers exist
4,city-service,/services/head-gasket-replacement/mackay/,Head Gasket Replacement in Mackay,head gasket replacement mackay,head gasket replacement near me mackay,P2,/diesel-mechanics/mackay/,Publish only where >=3 verified local providers exist
4,city-service,/services/diesel-engine-swap/mackay/,Diesel Engine Swap / Replacement in Mackay,diesel engine swap / replacement mackay,diesel engine swap / replacement near me mackay,P2,/diesel-mechanics/mackay/,Publish only where >=3 verified local providers exist
4,city-service,/services/mobile-diesel-mechanic/mackay/,Mobile Diesel Mechanic in Mackay,mobile diesel mechanic mackay,mobile diesel mechanic near me mackay,P2,/diesel-mechanics/mackay/,Publish only where >=3 verified local providers exist
4,city-service,/services/truck-diesel-mechanic/mackay/,Truck & Heavy Vehicle Diesel Mechanic in Mackay,truck & heavy vehicle diesel mechanic mackay,truck & heavy vehicle diesel mechanic near me mackay,P2,/diesel-mechanics/mackay/,Publish only where >=3 verified local providers exist
4,city-service,/services/4wd-diesel-specialist/mackay/,4WD & Ute Diesel Specialist in Mackay,4wd & ute diesel specialist mackay,4wd & ute diesel specialist near me mackay,P2,/diesel-mechanics/mackay/,Publish only where >=3 verified local providers exist
4,city-hub,/diesel-mechanics/rockhampton/,Diesel Mechanics in Rockhampton,diesel mechanic rockhampton,diesel repairs rockhampton | diesel specialist rockhampton,P1,/find-a-diesel-mechanic/,Tier 2 expansion
4,city-service,/services/diesel-mechanic/rockhampton/,Diesel Mechanic in Rockhampton,diesel mechanic rockhampton,diesel mechanic near me rockhampton,P2,/diesel-mechanics/rockhampton/,Publish only where >=3 verified local providers exist
4,city-service,/services/diesel-engine-rebuild/rockhampton/,Diesel Engine Rebuild in Rockhampton,diesel engine rebuild rockhampton,diesel engine rebuild near me rockhampton,P2,/diesel-mechanics/rockhampton/,Publish only where >=3 verified local providers exist
4,city-service,/services/diesel-engine-reconditioning/rockhampton/,Diesel Engine Reconditioning in Rockhampton,diesel engine reconditioning rockhampton,diesel engine reconditioning near me rockhampton,P2,/diesel-mechanics/rockhampton/,Publish only where >=3 verified local providers exist
4,city-service,/services/dpf-cleaning/rockhampton/,DPF Cleaning in Rockhampton,dpf cleaning rockhampton,dpf cleaning near me rockhampton,P2,/diesel-mechanics/rockhampton/,Publish only where >=3 verified local providers exist
4,city-service,/services/diesel-injector-replacement/rockhampton/,Diesel Injector Replacement in Rockhampton,diesel injector replacement rockhampton,diesel injector replacement near me rockhampton,P2,/diesel-mechanics/rockhampton/,Publish only where >=3 verified local providers exist
4,city-service,/services/turbo-repair/rockhampton/,Turbocharger Repair in Rockhampton,turbocharger repair rockhampton,turbocharger repair near me rockhampton,P2,/diesel-mechanics/rockhampton/,Publish only where >=3 verified local providers exist
4,city-service,/services/turbo-replacement/rockhampton/,Turbocharger Replacement in Rockhampton,turbocharger replacement rockhampton,turbocharger replacement near me rockhampton,P2,/diesel-mechanics/rockhampton/,Publish only where >=3 verified local providers exist
4,city-service,/services/cylinder-head-repair/rockhampton/,Cylinder Head Repair in Rockhampton,cylinder head repair rockhampton,cylinder head repair near me rockhampton,P2,/diesel-mechanics/rockhampton/,Publish only where >=3 verified local providers exist
4,city-service,/services/head-gasket-replacement/rockhampton/,Head Gasket Replacement in Rockhampton,head gasket replacement rockhampton,head gasket replacement near me rockhampton,P2,/diesel-mechanics/rockhampton/,Publish only where >=3 verified local providers exist
4,city-service,/services/diesel-engine-swap/rockhampton/,Diesel Engine Swap / Replacement in Rockhampton,diesel engine swap / replacement rockhampton,diesel engine swap / replacement near me rockhampton,P2,/diesel-mechanics/rockhampton/,Publish only where >=3 verified local providers exist
4,city-service,/services/mobile-diesel-mechanic/rockhampton/,Mobile Diesel Mechanic in Rockhampton,mobile diesel mechanic rockhampton,mobile diesel mechanic near me rockhampton,P2,/diesel-mechanics/rockhampton/,Publish only where >=3 verified local providers exist
4,city-service,/services/truck-diesel-mechanic/rockhampton/,Truck & Heavy Vehicle Diesel Mechanic in Rockhampton,truck & heavy vehicle diesel mechanic rockhampton,truck & heavy vehicle diesel mechanic near me rockhampton,P2,/diesel-mechanics/rockhampton/,Publish only where >=3 verified local providers exist
4,city-service,/services/4wd-diesel-specialist/rockhampton/,4WD & Ute Diesel Specialist in Rockhampton,4wd & ute diesel specialist rockhampton,4wd & ute diesel specialist near me rockhampton,P2,/diesel-mechanics/rockhampton/,Publish only where >=3 verified local providers exist
4,city-hub,/diesel-mechanics/bunbury/,Diesel Mechanics in Bunbury,diesel mechanic bunbury,diesel repairs bunbury | diesel specialist bunbury,P1,/find-a-diesel-mechanic/,Tier 2 expansion
4,city-service,/services/diesel-mechanic/bunbury/,Diesel Mechanic in Bunbury,diesel mechanic bunbury,diesel mechanic near me bunbury,P2,/diesel-mechanics/bunbury/,Publish only where >=3 verified local providers exist
4,city-service,/services/diesel-engine-rebuild/bunbury/,Diesel Engine Rebuild in Bunbury,diesel engine rebuild bunbury,diesel engine rebuild near me bunbury,P2,/diesel-mechanics/bunbury/,Publish only where >=3 verified local providers exist
4,city-service,/services/diesel-engine-reconditioning/bunbury/,Diesel Engine Reconditioning in Bunbury,diesel engine reconditioning bunbury,diesel engine reconditioning near me bunbury,P2,/diesel-mechanics/bunbury/,Publish only where >=3 verified local providers exist
4,city-service,/services/dpf-cleaning/bunbury/,DPF Cleaning in Bunbury,dpf cleaning bunbury,dpf cleaning near me bunbury,P2,/diesel-mechanics/bunbury/,Publish only where >=3 verified local providers exist
4,city-service,/services/diesel-injector-replacement/bunbury/,Diesel Injector Replacement in Bunbury,diesel injector replacement bunbury,diesel injector replacement near me bunbury,P2,/diesel-mechanics/bunbury/,Publish only where >=3 verified local providers exist
4,city-service,/services/turbo-repair/bunbury/,Turbocharger Repair in Bunbury,turbocharger repair bunbury,turbocharger repair near me bunbury,P2,/diesel-mechanics/bunbury/,Publish only where >=3 verified local providers exist
4,city-service,/services/turbo-replacement/bunbury/,Turbocharger Replacement in Bunbury,turbocharger replacement bunbury,turbocharger replacement near me bunbury,P2,/diesel-mechanics/bunbury/,Publish only where >=3 verified local providers exist
4,city-service,/services/cylinder-head-repair/bunbury/,Cylinder Head Repair in Bunbury,cylinder head repair bunbury,cylinder head repair near me bunbury,P2,/diesel-mechanics/bunbury/,Publish only where >=3 verified local providers exist
4,city-service,/services/head-gasket-replacement/bunbury/,Head Gasket Replacement in Bunbury,head gasket replacement bunbury,head gasket replacement near me bunbury,P2,/diesel-mechanics/bunbury/,Publish only where >=3 verified local providers exist
4,city-service,/services/diesel-engine-swap/bunbury/,Diesel Engine Swap / Replacement in Bunbury,diesel engine swap / replacement bunbury,diesel engine swap / replacement near me bunbury,P2,/diesel-mechanics/bunbury/,Publish only where >=3 verified local providers exist
4,city-service,/services/mobile-diesel-mechanic/bunbury/,Mobile Diesel Mechanic in Bunbury,mobile diesel mechanic bunbury,mobile diesel mechanic near me bunbury,P2,/diesel-mechanics/bunbury/,Publish only where >=3 verified local providers exist
4,city-service,/services/truck-diesel-mechanic/bunbury/,Truck & Heavy Vehicle Diesel Mechanic in Bunbury,truck & heavy vehicle diesel mechanic bunbury,truck & heavy vehicle diesel mechanic near me bunbury,P2,/diesel-mechanics/bunbury/,Publish only where >=3 verified local providers exist
4,city-service,/services/4wd-diesel-specialist/bunbury/,4WD & Ute Diesel Specialist in Bunbury,4wd & ute diesel specialist bunbury,4wd & ute diesel specialist near me bunbury,P2,/diesel-mechanics/bunbury/,Publish only where >=3 verified local providers exist
4,city-hub,/diesel-mechanics/wagga-wagga/,Diesel Mechanics in Wagga Wagga,diesel mechanic wagga wagga,diesel repairs wagga wagga | diesel specialist wagga wagga,P1,/find-a-diesel-mechanic/,Tier 2 expansion; agricultural
4,city-service,/services/diesel-mechanic/wagga-wagga/,Diesel Mechanic in Wagga Wagga,diesel mechanic wagga wagga,diesel mechanic near me wagga wagga,P2,/diesel-mechanics/wagga-wagga/,Publish only where >=3 verified local providers exist
4,city-service,/services/diesel-engine-rebuild/wagga-wagga/,Diesel Engine Rebuild in Wagga Wagga,diesel engine rebuild wagga wagga,diesel engine rebuild near me wagga wagga,P2,/diesel-mechanics/wagga-wagga/,Publish only where >=3 verified local providers exist
4,city-service,/services/diesel-engine-reconditioning/wagga-wagga/,Diesel Engine Reconditioning in Wagga Wagga,diesel engine reconditioning wagga wagga,diesel engine reconditioning near me wagga wagga,P2,/diesel-mechanics/wagga-wagga/,Publish only where >=3 verified local providers exist
4,city-service,/services/dpf-cleaning/wagga-wagga/,DPF Cleaning in Wagga Wagga,dpf cleaning wagga wagga,dpf cleaning near me wagga wagga,P2,/diesel-mechanics/wagga-wagga/,Publish only where >=3 verified local providers exist
4,city-service,/services/diesel-injector-replacement/wagga-wagga/,Diesel Injector Replacement in Wagga Wagga,diesel injector replacement wagga wagga,diesel injector replacement near me wagga wagga,P2,/diesel-mechanics/wagga-wagga/,Publish only where >=3 verified local providers exist
4,city-service,/services/turbo-repair/wagga-wagga/,Turbocharger Repair in Wagga Wagga,turbocharger repair wagga wagga,turbocharger repair near me wagga wagga,P2,/diesel-mechanics/wagga-wagga/,Publish only where >=3 verified local providers exist
4,city-service,/services/turbo-replacement/wagga-wagga/,Turbocharger Replacement in Wagga Wagga,turbocharger replacement wagga wagga,turbocharger replacement near me wagga wagga,P2,/diesel-mechanics/wagga-wagga/,Publish only where >=3 verified local providers exist
4,city-service,/services/cylinder-head-repair/wagga-wagga/,Cylinder Head Repair in Wagga Wagga,cylinder head repair wagga wagga,cylinder head repair near me wagga wagga,P2,/diesel-mechanics/wagga-wagga/,Publish only where >=3 verified local providers exist
4,city-service,/services/head-gasket-replacement/wagga-wagga/,Head Gasket Replacement in Wagga Wagga,head gasket replacement wagga wagga,head gasket replacement near me wagga wagga,P2,/diesel-mechanics/wagga-wagga/,Publish only where >=3 verified local providers exist
4,city-service,/services/diesel-engine-swap/wagga-wagga/,Diesel Engine Swap / Replacement in Wagga Wagga,diesel engine swap / replacement wagga wagga,diesel engine swap / replacement near me wagga wagga,P2,/diesel-mechanics/wagga-wagga/,Publish only where >=3 verified local providers exist
4,city-service,/services/mobile-diesel-mechanic/wagga-wagga/,Mobile Diesel Mechanic in Wagga Wagga,mobile diesel mechanic wagga wagga,mobile diesel mechanic near me wagga wagga,P2,/diesel-mechanics/wagga-wagga/,Publish only where >=3 verified local providers exist
4,city-service,/services/truck-diesel-mechanic/wagga-wagga/,Truck & Heavy Vehicle Diesel Mechanic in Wagga Wagga,truck & heavy vehicle diesel mechanic wagga wagga,truck & heavy vehicle diesel mechanic near me wagga wagga,P2,/diesel-mechanics/wagga-wagga/,Publish only where >=3 verified local providers exist
4,city-service,/services/4wd-diesel-specialist/wagga-wagga/,4WD & Ute Diesel Specialist in Wagga Wagga,4wd & ute diesel specialist wagga wagga,4wd & ute diesel specialist near me wagga wagga,P2,/diesel-mechanics/wagga-wagga/,Publish only where >=3 verified local providers exist
4,city-hub,/diesel-mechanics/albury-wodonga/,Diesel Mechanics in Albury-Wodonga,diesel mechanic albury-wodonga,diesel repairs albury-wodonga | diesel specialist albury-wodonga,P1,/find-a-diesel-mechanic/,Tier 2 expansion; freight corridor
4,city-service,/services/diesel-mechanic/albury-wodonga/,Diesel Mechanic in Albury-Wodonga,diesel mechanic albury-wodonga,diesel mechanic near me albury-wodonga,P2,/diesel-mechanics/albury-wodonga/,Publish only where >=3 verified local providers exist
4,city-service,/services/diesel-engine-rebuild/albury-wodonga/,Diesel Engine Rebuild in Albury-Wodonga,diesel engine rebuild albury-wodonga,diesel engine rebuild near me albury-wodonga,P2,/diesel-mechanics/albury-wodonga/,Publish only where >=3 verified local providers exist
4,city-service,/services/diesel-engine-reconditioning/albury-wodonga/,Diesel Engine Reconditioning in Albury-Wodonga,diesel engine reconditioning albury-wodonga,diesel engine reconditioning near me albury-wodonga,P2,/diesel-mechanics/albury-wodonga/,Publish only where >=3 verified local providers exist
4,city-service,/services/dpf-cleaning/albury-wodonga/,DPF Cleaning in Albury-Wodonga,dpf cleaning albury-wodonga,dpf cleaning near me albury-wodonga,P2,/diesel-mechanics/albury-wodonga/,Publish only where >=3 verified local providers exist
4,city-service,/services/diesel-injector-replacement/albury-wodonga/,Diesel Injector Replacement in Albury-Wodonga,diesel injector replacement albury-wodonga,diesel injector replacement near me albury-wodonga,P2,/diesel-mechanics/albury-wodonga/,Publish only where >=3 verified local providers exist
4,city-service,/services/turbo-repair/albury-wodonga/,Turbocharger Repair in Albury-Wodonga,turbocharger repair albury-wodonga,turbocharger repair near me albury-wodonga,P2,/diesel-mechanics/albury-wodonga/,Publish only where >=3 verified local providers exist
4,city-service,/services/turbo-replacement/albury-wodonga/,Turbocharger Replacement in Albury-Wodonga,turbocharger replacement albury-wodonga,turbocharger replacement near me albury-wodonga,P2,/diesel-mechanics/albury-wodonga/,Publish only where >=3 verified local providers exist
4,city-service,/services/cylinder-head-repair/albury-wodonga/,Cylinder Head Repair in Albury-Wodonga,cylinder head repair albury-wodonga,cylinder head repair near me albury-wodonga,P2,/diesel-mechanics/albury-wodonga/,Publish only where >=3 verified local providers exist
4,city-service,/services/head-gasket-replacement/albury-wodonga/,Head Gasket Replacement in Albury-Wodonga,head gasket replacement albury-wodonga,head gasket replacement near me albury-wodonga,P2,/diesel-mechanics/albury-wodonga/,Publish only where >=3 verified local providers exist
4,city-service,/services/diesel-engine-swap/albury-wodonga/,Diesel Engine Swap / Replacement in Albury-Wodonga,diesel engine swap / replacement albury-wodonga,diesel engine swap / replacement near me albury-wodonga,P2,/diesel-mechanics/albury-wodonga/,Publish only where >=3 verified local providers exist
4,city-service,/services/mobile-diesel-mechanic/albury-wodonga/,Mobile Diesel Mechanic in Albury-Wodonga,mobile diesel mechanic albury-wodonga,mobile diesel mechanic near me albury-wodonga,P2,/diesel-mechanics/albury-wodonga/,Publish only where >=3 verified local providers exist
4,city-service,/services/truck-diesel-mechanic/albury-wodonga/,Truck & Heavy Vehicle Diesel Mechanic in Albury-Wodonga,truck & heavy vehicle diesel mechanic albury-wodonga,truck & heavy vehicle diesel mechanic near me albury-wodonga,P2,/diesel-mechanics/albury-wodonga/,Publish only where >=3 verified local providers exist
4,city-service,/services/4wd-diesel-specialist/albury-wodonga/,4WD & Ute Diesel Specialist in Albury-Wodonga,4wd & ute diesel specialist albury-wodonga,4wd & ute diesel specialist near me albury-wodonga,P2,/diesel-mechanics/albury-wodonga/,Publish only where >=3 verified local providers exist
4,city-hub,/diesel-mechanics/dubbo/,Diesel Mechanics in Dubbo,diesel mechanic dubbo,diesel repairs dubbo | diesel specialist dubbo,P1,/find-a-diesel-mechanic/,Tier 2 expansion; agricultural
4,city-service,/services/diesel-mechanic/dubbo/,Diesel Mechanic in Dubbo,diesel mechanic dubbo,diesel mechanic near me dubbo,P2,/diesel-mechanics/dubbo/,Publish only where >=3 verified local providers exist
4,city-service,/services/diesel-engine-rebuild/dubbo/,Diesel Engine Rebuild in Dubbo,diesel engine rebuild dubbo,diesel engine rebuild near me dubbo,P2,/diesel-mechanics/dubbo/,Publish only where >=3 verified local providers exist
4,city-service,/services/diesel-engine-reconditioning/dubbo/,Diesel Engine Reconditioning in Dubbo,diesel engine reconditioning dubbo,diesel engine reconditioning near me dubbo,P2,/diesel-mechanics/dubbo/,Publish only where >=3 verified local providers exist
4,city-service,/services/dpf-cleaning/dubbo/,DPF Cleaning in Dubbo,dpf cleaning dubbo,dpf cleaning near me dubbo,P2,/diesel-mechanics/dubbo/,Publish only where >=3 verified local providers exist
4,city-service,/services/diesel-injector-replacement/dubbo/,Diesel Injector Replacement in Dubbo,diesel injector replacement dubbo,diesel injector replacement near me dubbo,P2,/diesel-mechanics/dubbo/,Publish only where >=3 verified local providers exist
4,city-service,/services/turbo-repair/dubbo/,Turbocharger Repair in Dubbo,turbocharger repair dubbo,turbocharger repair near me dubbo,P2,/diesel-mechanics/dubbo/,Publish only where >=3 verified local providers exist
4,city-service,/services/turbo-replacement/dubbo/,Turbocharger Replacement in Dubbo,turbocharger replacement dubbo,turbocharger replacement near me dubbo,P2,/diesel-mechanics/dubbo/,Publish only where >=3 verified local providers exist
4,city-service,/services/cylinder-head-repair/dubbo/,Cylinder Head Repair in Dubbo,cylinder head repair dubbo,cylinder head repair near me dubbo,P2,/diesel-mechanics/dubbo/,Publish only where >=3 verified local providers exist
4,city-service,/services/head-gasket-replacement/dubbo/,Head Gasket Replacement in Dubbo,head gasket replacement dubbo,head gasket replacement near me dubbo,P2,/diesel-mechanics/dubbo/,Publish only where >=3 verified local providers exist
4,city-service,/services/diesel-engine-swap/dubbo/,Diesel Engine Swap / Replacement in Dubbo,diesel engine swap / replacement dubbo,diesel engine swap / replacement near me dubbo,P2,/diesel-mechanics/dubbo/,Publish only where >=3 verified local providers exist
4,city-service,/services/mobile-diesel-mechanic/dubbo/,Mobile Diesel Mechanic in Dubbo,mobile diesel mechanic dubbo,mobile diesel mechanic near me dubbo,P2,/diesel-mechanics/dubbo/,Publish only where >=3 verified local providers exist
4,city-service,/services/truck-diesel-mechanic/dubbo/,Truck & Heavy Vehicle Diesel Mechanic in Dubbo,truck & heavy vehicle diesel mechanic dubbo,truck & heavy vehicle diesel mechanic near me dubbo,P2,/diesel-mechanics/dubbo/,Publish only where >=3 verified local providers exist
4,city-service,/services/4wd-diesel-specialist/dubbo/,4WD & Ute Diesel Specialist in Dubbo,4wd & ute diesel specialist dubbo,4wd & ute diesel specialist near me dubbo,P2,/diesel-mechanics/dubbo/,Publish only where >=3 verified local providers exist
5,brand-city,/engine-brands/toyota/specialists/sydney/,Toyota Diesel Specialists in Sydney,toyota diesel specialist sydney,toyota diesel mechanic sydney | toyota engine rebuild sydney,P2,/engine-brands/toyota/,Gate on verified brand-specialist providers in that city
5,brand-city,/engine-brands/toyota/specialists/melbourne/,Toyota Diesel Specialists in Melbourne,toyota diesel specialist melbourne,toyota diesel mechanic melbourne | toyota engine rebuild melbourne,P2,/engine-brands/toyota/,Gate on verified brand-specialist providers in that city
5,brand-city,/engine-brands/toyota/specialists/brisbane/,Toyota Diesel Specialists in Brisbane,toyota diesel specialist brisbane,toyota diesel mechanic brisbane | toyota engine rebuild brisbane,P2,/engine-brands/toyota/,Gate on verified brand-specialist providers in that city
5,brand-city,/engine-brands/toyota/specialists/perth/,Toyota Diesel Specialists in Perth,toyota diesel specialist perth,toyota diesel mechanic perth | toyota engine rebuild perth,P2,/engine-brands/toyota/,Gate on verified brand-specialist providers in that city
5,brand-city,/engine-brands/toyota/specialists/adelaide/,Toyota Diesel Specialists in Adelaide,toyota diesel specialist adelaide,toyota diesel mechanic adelaide | toyota engine rebuild adelaide,P2,/engine-brands/toyota/,Gate on verified brand-specialist providers in that city
5,brand-city,/engine-brands/toyota/specialists/gold-coast/,Toyota Diesel Specialists in Gold Coast,toyota diesel specialist gold coast,toyota diesel mechanic gold coast | toyota engine rebuild gold coast,P2,/engine-brands/toyota/,Gate on verified brand-specialist providers in that city
5,brand-city,/engine-brands/toyota/specialists/newcastle/,Toyota Diesel Specialists in Newcastle,toyota diesel specialist newcastle,toyota diesel mechanic newcastle | toyota engine rebuild newcastle,P2,/engine-brands/toyota/,Gate on verified brand-specialist providers in that city
5,brand-city,/engine-brands/toyota/specialists/canberra/,Toyota Diesel Specialists in Canberra,toyota diesel specialist canberra,toyota diesel mechanic canberra | toyota engine rebuild canberra,P2,/engine-brands/toyota/,Gate on verified brand-specialist providers in that city
5,brand-city,/engine-brands/toyota/specialists/sunshine-coast/,Toyota Diesel Specialists in Sunshine Coast,toyota diesel specialist sunshine coast,toyota diesel mechanic sunshine coast | toyota engine rebuild sunshine coast,P2,/engine-brands/toyota/,Gate on verified brand-specialist providers in that city
5,brand-city,/engine-brands/toyota/specialists/wollongong/,Toyota Diesel Specialists in Wollongong,toyota diesel specialist wollongong,toyota diesel mechanic wollongong | toyota engine rebuild wollongong,P2,/engine-brands/toyota/,Gate on verified brand-specialist providers in that city
5,brand-city,/engine-brands/ford/specialists/sydney/,Ford Diesel Specialists in Sydney,ford diesel specialist sydney,ford diesel mechanic sydney | ford engine rebuild sydney,P2,/engine-brands/ford/,Gate on verified brand-specialist providers in that city
5,brand-city,/engine-brands/ford/specialists/melbourne/,Ford Diesel Specialists in Melbourne,ford diesel specialist melbourne,ford diesel mechanic melbourne | ford engine rebuild melbourne,P2,/engine-brands/ford/,Gate on verified brand-specialist providers in that city
5,brand-city,/engine-brands/ford/specialists/brisbane/,Ford Diesel Specialists in Brisbane,ford diesel specialist brisbane,ford diesel mechanic brisbane | ford engine rebuild brisbane,P2,/engine-brands/ford/,Gate on verified brand-specialist providers in that city
5,brand-city,/engine-brands/ford/specialists/perth/,Ford Diesel Specialists in Perth,ford diesel specialist perth,ford diesel mechanic perth | ford engine rebuild perth,P2,/engine-brands/ford/,Gate on verified brand-specialist providers in that city
5,brand-city,/engine-brands/ford/specialists/adelaide/,Ford Diesel Specialists in Adelaide,ford diesel specialist adelaide,ford diesel mechanic adelaide | ford engine rebuild adelaide,P2,/engine-brands/ford/,Gate on verified brand-specialist providers in that city
5,brand-city,/engine-brands/ford/specialists/gold-coast/,Ford Diesel Specialists in Gold Coast,ford diesel specialist gold coast,ford diesel mechanic gold coast | ford engine rebuild gold coast,P2,/engine-brands/ford/,Gate on verified brand-specialist providers in that city
5,brand-city,/engine-brands/ford/specialists/newcastle/,Ford Diesel Specialists in Newcastle,ford diesel specialist newcastle,ford diesel mechanic newcastle | ford engine rebuild newcastle,P2,/engine-brands/ford/,Gate on verified brand-specialist providers in that city
5,brand-city,/engine-brands/ford/specialists/canberra/,Ford Diesel Specialists in Canberra,ford diesel specialist canberra,ford diesel mechanic canberra | ford engine rebuild canberra,P2,/engine-brands/ford/,Gate on verified brand-specialist providers in that city
5,brand-city,/engine-brands/ford/specialists/sunshine-coast/,Ford Diesel Specialists in Sunshine Coast,ford diesel specialist sunshine coast,ford diesel mechanic sunshine coast | ford engine rebuild sunshine coast,P2,/engine-brands/ford/,Gate on verified brand-specialist providers in that city
5,brand-city,/engine-brands/ford/specialists/wollongong/,Ford Diesel Specialists in Wollongong,ford diesel specialist wollongong,ford diesel mechanic wollongong | ford engine rebuild wollongong,P2,/engine-brands/ford/,Gate on verified brand-specialist providers in that city
5,brand-city,/engine-brands/isuzu/specialists/sydney/,Isuzu Diesel Specialists in Sydney,isuzu diesel specialist sydney,isuzu diesel mechanic sydney | isuzu engine rebuild sydney,P2,/engine-brands/isuzu/,Gate on verified brand-specialist providers in that city
5,brand-city,/engine-brands/isuzu/specialists/melbourne/,Isuzu Diesel Specialists in Melbourne,isuzu diesel specialist melbourne,isuzu diesel mechanic melbourne | isuzu engine rebuild melbourne,P2,/engine-brands/isuzu/,Gate on verified brand-specialist providers in that city
5,brand-city,/engine-brands/isuzu/specialists/brisbane/,Isuzu Diesel Specialists in Brisbane,isuzu diesel specialist brisbane,isuzu diesel mechanic brisbane | isuzu engine rebuild brisbane,P2,/engine-brands/isuzu/,Gate on verified brand-specialist providers in that city
5,brand-city,/engine-brands/isuzu/specialists/perth/,Isuzu Diesel Specialists in Perth,isuzu diesel specialist perth,isuzu diesel mechanic perth | isuzu engine rebuild perth,P2,/engine-brands/isuzu/,Gate on verified brand-specialist providers in that city
5,brand-city,/engine-brands/isuzu/specialists/adelaide/,Isuzu Diesel Specialists in Adelaide,isuzu diesel specialist adelaide,isuzu diesel mechanic adelaide | isuzu engine rebuild adelaide,P2,/engine-brands/isuzu/,Gate on verified brand-specialist providers in that city
5,brand-city,/engine-brands/isuzu/specialists/gold-coast/,Isuzu Diesel Specialists in Gold Coast,isuzu diesel specialist gold coast,isuzu diesel mechanic gold coast | isuzu engine rebuild gold coast,P2,/engine-brands/isuzu/,Gate on verified brand-specialist providers in that city
5,brand-city,/engine-brands/isuzu/specialists/newcastle/,Isuzu Diesel Specialists in Newcastle,isuzu diesel specialist newcastle,isuzu diesel mechanic newcastle | isuzu engine rebuild newcastle,P2,/engine-brands/isuzu/,Gate on verified brand-specialist providers in that city
5,brand-city,/engine-brands/isuzu/specialists/canberra/,Isuzu Diesel Specialists in Canberra,isuzu diesel specialist canberra,isuzu diesel mechanic canberra | isuzu engine rebuild canberra,P2,/engine-brands/isuzu/,Gate on verified brand-specialist providers in that city
5,brand-city,/engine-brands/isuzu/specialists/sunshine-coast/,Isuzu Diesel Specialists in Sunshine Coast,isuzu diesel specialist sunshine coast,isuzu diesel mechanic sunshine coast | isuzu engine rebuild sunshine coast,P2,/engine-brands/isuzu/,Gate on verified brand-specialist providers in that city
5,brand-city,/engine-brands/isuzu/specialists/wollongong/,Isuzu Diesel Specialists in Wollongong,isuzu diesel specialist wollongong,isuzu diesel mechanic wollongong | isuzu engine rebuild wollongong,P2,/engine-brands/isuzu/,Gate on verified brand-specialist providers in that city
5,brand-city,/engine-brands/nissan/specialists/sydney/,Nissan Diesel Specialists in Sydney,nissan diesel specialist sydney,nissan diesel mechanic sydney | nissan engine rebuild sydney,P2,/engine-brands/nissan/,Gate on verified brand-specialist providers in that city
5,brand-city,/engine-brands/nissan/specialists/melbourne/,Nissan Diesel Specialists in Melbourne,nissan diesel specialist melbourne,nissan diesel mechanic melbourne | nissan engine rebuild melbourne,P2,/engine-brands/nissan/,Gate on verified brand-specialist providers in that city
5,brand-city,/engine-brands/nissan/specialists/brisbane/,Nissan Diesel Specialists in Brisbane,nissan diesel specialist brisbane,nissan diesel mechanic brisbane | nissan engine rebuild brisbane,P2,/engine-brands/nissan/,Gate on verified brand-specialist providers in that city
5,brand-city,/engine-brands/nissan/specialists/perth/,Nissan Diesel Specialists in Perth,nissan diesel specialist perth,nissan diesel mechanic perth | nissan engine rebuild perth,P2,/engine-brands/nissan/,Gate on verified brand-specialist providers in that city
5,brand-city,/engine-brands/nissan/specialists/adelaide/,Nissan Diesel Specialists in Adelaide,nissan diesel specialist adelaide,nissan diesel mechanic adelaide | nissan engine rebuild adelaide,P2,/engine-brands/nissan/,Gate on verified brand-specialist providers in that city
5,brand-city,/engine-brands/nissan/specialists/gold-coast/,Nissan Diesel Specialists in Gold Coast,nissan diesel specialist gold coast,nissan diesel mechanic gold coast | nissan engine rebuild gold coast,P2,/engine-brands/nissan/,Gate on verified brand-specialist providers in that city
5,brand-city,/engine-brands/nissan/specialists/newcastle/,Nissan Diesel Specialists in Newcastle,nissan diesel specialist newcastle,nissan diesel mechanic newcastle | nissan engine rebuild newcastle,P2,/engine-brands/nissan/,Gate on verified brand-specialist providers in that city
5,brand-city,/engine-brands/nissan/specialists/canberra/,Nissan Diesel Specialists in Canberra,nissan diesel specialist canberra,nissan diesel mechanic canberra | nissan engine rebuild canberra,P2,/engine-brands/nissan/,Gate on verified brand-specialist providers in that city
5,brand-city,/engine-brands/nissan/specialists/sunshine-coast/,Nissan Diesel Specialists in Sunshine Coast,nissan diesel specialist sunshine coast,nissan diesel mechanic sunshine coast | nissan engine rebuild sunshine coast,P2,/engine-brands/nissan/,Gate on verified brand-specialist providers in that city
5,brand-city,/engine-brands/nissan/specialists/wollongong/,Nissan Diesel Specialists in Wollongong,nissan diesel specialist wollongong,nissan diesel mechanic wollongong | nissan engine rebuild wollongong,P2,/engine-brands/nissan/,Gate on verified brand-specialist providers in that city
5,brand-city,/engine-brands/cummins/specialists/sydney/,Cummins Diesel Specialists in Sydney,cummins diesel specialist sydney,cummins diesel mechanic sydney | cummins engine rebuild sydney,P2,/engine-brands/cummins/,Gate on verified brand-specialist providers in that city
5,brand-city,/engine-brands/cummins/specialists/melbourne/,Cummins Diesel Specialists in Melbourne,cummins diesel specialist melbourne,cummins diesel mechanic melbourne | cummins engine rebuild melbourne,P2,/engine-brands/cummins/,Gate on verified brand-specialist providers in that city
5,brand-city,/engine-brands/cummins/specialists/brisbane/,Cummins Diesel Specialists in Brisbane,cummins diesel specialist brisbane,cummins diesel mechanic brisbane | cummins engine rebuild brisbane,P2,/engine-brands/cummins/,Gate on verified brand-specialist providers in that city
5,brand-city,/engine-brands/cummins/specialists/perth/,Cummins Diesel Specialists in Perth,cummins diesel specialist perth,cummins diesel mechanic perth | cummins engine rebuild perth,P2,/engine-brands/cummins/,Gate on verified brand-specialist providers in that city
5,brand-city,/engine-brands/cummins/specialists/adelaide/,Cummins Diesel Specialists in Adelaide,cummins diesel specialist adelaide,cummins diesel mechanic adelaide | cummins engine rebuild adelaide,P2,/engine-brands/cummins/,Gate on verified brand-specialist providers in that city
5,brand-city,/engine-brands/cummins/specialists/gold-coast/,Cummins Diesel Specialists in Gold Coast,cummins diesel specialist gold coast,cummins diesel mechanic gold coast | cummins engine rebuild gold coast,P2,/engine-brands/cummins/,Gate on verified brand-specialist providers in that city
5,brand-city,/engine-brands/cummins/specialists/newcastle/,Cummins Diesel Specialists in Newcastle,cummins diesel specialist newcastle,cummins diesel mechanic newcastle | cummins engine rebuild newcastle,P2,/engine-brands/cummins/,Gate on verified brand-specialist providers in that city
5,brand-city,/engine-brands/cummins/specialists/canberra/,Cummins Diesel Specialists in Canberra,cummins diesel specialist canberra,cummins diesel mechanic canberra | cummins engine rebuild canberra,P2,/engine-brands/cummins/,Gate on verified brand-specialist providers in that city
5,brand-city,/engine-brands/cummins/specialists/sunshine-coast/,Cummins Diesel Specialists in Sunshine Coast,cummins diesel specialist sunshine coast,cummins diesel mechanic sunshine coast | cummins engine rebuild sunshine coast,P2,/engine-brands/cummins/,Gate on verified brand-specialist providers in that city
5,brand-city,/engine-brands/cummins/specialists/wollongong/,Cummins Diesel Specialists in Wollongong,cummins diesel specialist wollongong,cummins diesel mechanic wollongong | cummins engine rebuild wollongong,P2,/engine-brands/cummins/,Gate on verified brand-specialist providers in that city
5,brand-city,/engine-brands/caterpillar/specialists/sydney/,Caterpillar Diesel Specialists in Sydney,caterpillar diesel specialist sydney,caterpillar diesel mechanic sydney | caterpillar engine rebuild sydney,P2,/engine-brands/caterpillar/,Gate on verified brand-specialist providers in that city
5,brand-city,/engine-brands/caterpillar/specialists/melbourne/,Caterpillar Diesel Specialists in Melbourne,caterpillar diesel specialist melbourne,caterpillar diesel mechanic melbourne | caterpillar engine rebuild melbourne,P2,/engine-brands/caterpillar/,Gate on verified brand-specialist providers in that city
5,brand-city,/engine-brands/caterpillar/specialists/brisbane/,Caterpillar Diesel Specialists in Brisbane,caterpillar diesel specialist brisbane,caterpillar diesel mechanic brisbane | caterpillar engine rebuild brisbane,P2,/engine-brands/caterpillar/,Gate on verified brand-specialist providers in that city
5,brand-city,/engine-brands/caterpillar/specialists/perth/,Caterpillar Diesel Specialists in Perth,caterpillar diesel specialist perth,caterpillar diesel mechanic perth | caterpillar engine rebuild perth,P2,/engine-brands/caterpillar/,Gate on verified brand-specialist providers in that city
5,brand-city,/engine-brands/caterpillar/specialists/adelaide/,Caterpillar Diesel Specialists in Adelaide,caterpillar diesel specialist adelaide,caterpillar diesel mechanic adelaide | caterpillar engine rebuild adelaide,P2,/engine-brands/caterpillar/,Gate on verified brand-specialist providers in that city
5,brand-city,/engine-brands/caterpillar/specialists/gold-coast/,Caterpillar Diesel Specialists in Gold Coast,caterpillar diesel specialist gold coast,caterpillar diesel mechanic gold coast | caterpillar engine rebuild gold coast,P2,/engine-brands/caterpillar/,Gate on verified brand-specialist providers in that city
5,brand-city,/engine-brands/caterpillar/specialists/newcastle/,Caterpillar Diesel Specialists in Newcastle,caterpillar diesel specialist newcastle,caterpillar diesel mechanic newcastle | caterpillar engine rebuild newcastle,P2,/engine-brands/caterpillar/,Gate on verified brand-specialist providers in that city
5,brand-city,/engine-brands/caterpillar/specialists/canberra/,Caterpillar Diesel Specialists in Canberra,caterpillar diesel specialist canberra,caterpillar diesel mechanic canberra | caterpillar engine rebuild canberra,P2,/engine-brands/caterpillar/,Gate on verified brand-specialist providers in that city
5,brand-city,/engine-brands/caterpillar/specialists/sunshine-coast/,Caterpillar Diesel Specialists in Sunshine Coast,caterpillar diesel specialist sunshine coast,caterpillar diesel mechanic sunshine coast | caterpillar engine rebuild sunshine coast,P2,/engine-brands/caterpillar/,Gate on verified brand-specialist providers in that city
5,brand-city,/engine-brands/caterpillar/specialists/wollongong/,Caterpillar Diesel Specialists in Wollongong,caterpillar diesel specialist wollongong,caterpillar diesel mechanic wollongong | caterpillar engine rebuild wollongong,P2,/engine-brands/caterpillar/,Gate on verified brand-specialist providers in that city
5,brand-symptom,/engine-brands/nissan/problems/diesel-loss-of-power/,Nissan: Diesel Loss Of Power,nissan diesel loss of power,nissan diesel loss of power fix | nissan diesel loss of power causes,P1,/engine-brands/nissan/,Only where the fault is characteristic of that brand's engines
5,brand-symptom,/engine-brands/nissan/problems/diesel-blowing-black-smoke/,Nissan: Diesel Blowing Black Smoke,nissan diesel blowing black smoke,nissan diesel blowing black smoke fix | nissan diesel blowing black smoke causes,P1,/engine-brands/nissan/,Only where the fault is characteristic of that brand's engines
5,brand-symptom,/engine-brands/nissan/problems/diesel-timing-chain-rattle/,Nissan: Timing Chain Rattle On Startup,nissan timing chain rattle on startup,nissan timing chain rattle on startup fix | nissan timing chain rattle on startup causes,P1,/engine-brands/nissan/,Only where the fault is characteristic of that brand's engines
5,brand-symptom,/engine-brands/nissan/problems/diesel-excessive-blowby/,Nissan: Excessive Blow-By,nissan excessive blow-by,nissan excessive blow-by fix | nissan excessive blow-by causes,P1,/engine-brands/nissan/,Only where the fault is characteristic of that brand's engines
5,brand-symptom,/engine-brands/toyota/problems/dpf-light-on/,Toyota: DPF Warning Light On,toyota dpf warning light on,toyota dpf warning light on fix | toyota dpf warning light on causes,P1,/engine-brands/toyota/,Only where the fault is characteristic of that brand's engines
5,brand-symptom,/engine-brands/toyota/problems/dpf-wont-regenerate/,Toyota: DPF Won't Regenerate,toyota dpf won't regenerate,toyota dpf won't regenerate fix | toyota dpf won't regenerate causes,P1,/engine-brands/toyota/,Only where the fault is characteristic of that brand's engines
5,brand-symptom,/engine-brands/toyota/problems/diesel-intake-manifold-carbon/,Toyota: Carbon Build-Up In The Intake Manifold,toyota carbon build-up in the intake manifold,toyota carbon build-up in the intake manifold fix | toyota carbon build-up in the intake manifold causes,P1,/engine-brands/toyota/,Only where the fault is characteristic of that brand's engines
5,brand-symptom,/engine-brands/toyota/problems/diesel-injector-leak-off/,Toyota: Failed Injector Leak-Off Test,toyota failed injector leak-off test,toyota failed injector leak-off test fix | toyota failed injector leak-off test causes,P1,/engine-brands/toyota/,Only where the fault is characteristic of that brand's engines
5,brand-symptom,/engine-brands/ford/problems/diesel-oil-dilution/,Ford: Diesel In The Engine Oil,ford diesel in the engine oil,ford diesel in the engine oil fix | ford diesel in the engine oil causes,P1,/engine-brands/ford/,Only where the fault is characteristic of that brand's engines
5,brand-symptom,/engine-brands/ford/problems/diesel-limp-mode/,Ford: Diesel Stuck In Limp Mode,ford diesel stuck in limp mode,ford diesel stuck in limp mode fix | ford diesel stuck in limp mode causes,P1,/engine-brands/ford/,Only where the fault is characteristic of that brand's engines
5,brand-symptom,/engine-brands/ford/problems/diesel-turbo-oil-leak/,Ford: Turbo Leaking Oil,ford turbo leaking oil,ford turbo leaking oil fix | ford turbo leaking oil causes,P1,/engine-brands/ford/,Only where the fault is characteristic of that brand's engines
5,brand-symptom,/engine-brands/ford/problems/dpf-wont-regenerate/,Ford: DPF Won't Regenerate,ford dpf won't regenerate,ford dpf won't regenerate fix | ford dpf won't regenerate causes,P1,/engine-brands/ford/,Only where the fault is characteristic of that brand's engines
5,brand-symptom,/engine-brands/isuzu/problems/dpf-wont-regenerate/,Isuzu: DPF Won't Regenerate,isuzu dpf won't regenerate,isuzu dpf won't regenerate fix | isuzu dpf won't regenerate causes,P1,/engine-brands/isuzu/,Only where the fault is characteristic of that brand's engines
5,brand-symptom,/engine-brands/isuzu/problems/diesel-blowing-white-smoke/,Isuzu: Diesel Blowing White Smoke,isuzu diesel blowing white smoke,isuzu diesel blowing white smoke fix | isuzu diesel blowing white smoke causes,P1,/engine-brands/isuzu/,Only where the fault is characteristic of that brand's engines
5,brand-symptom,/engine-brands/isuzu/problems/diesel-overheating/,Isuzu: Diesel Engine Overheating,isuzu diesel engine overheating,isuzu diesel engine overheating fix | isuzu diesel engine overheating causes,P1,/engine-brands/isuzu/,Only where the fault is characteristic of that brand's engines
5,brand-symptom,/engine-brands/mitsubishi/problems/diesel-hard-to-start-cold/,Mitsubishi: Diesel Hard To Start When Cold,mitsubishi diesel hard to start when cold,mitsubishi diesel hard to start when cold fix | mitsubishi diesel hard to start when cold causes,P1,/engine-brands/mitsubishi/,Only where the fault is characteristic of that brand's engines
5,brand-symptom,/engine-brands/mitsubishi/problems/diesel-loss-of-power/,Mitsubishi: Diesel Loss Of Power,mitsubishi diesel loss of power,mitsubishi diesel loss of power fix | mitsubishi diesel loss of power causes,P1,/engine-brands/mitsubishi/,Only where the fault is characteristic of that brand's engines
5,brand-symptom,/engine-brands/mitsubishi/problems/diesel-timing-chain-rattle/,Mitsubishi: Timing Chain Rattle On Startup,mitsubishi timing chain rattle on startup,mitsubishi timing chain rattle on startup fix | mitsubishi timing chain rattle on startup causes,P1,/engine-brands/mitsubishi/,Only where the fault is characteristic of that brand's engines
5,brand-symptom,/engine-brands/volkswagen/problems/diesel-limp-mode/,Volkswagen: Diesel Stuck In Limp Mode,volkswagen diesel stuck in limp mode,volkswagen diesel stuck in limp mode fix | volkswagen diesel stuck in limp mode causes,P1,/engine-brands/volkswagen/,Only where the fault is characteristic of that brand's engines
5,brand-symptom,/engine-brands/volkswagen/problems/egr-valve-stuck/,Volkswagen: EGR Valve Stuck Or Clogged,volkswagen egr valve stuck or clogged,volkswagen egr valve stuck or clogged fix | volkswagen egr valve stuck or clogged causes,P1,/engine-brands/volkswagen/,Only where the fault is characteristic of that brand's engines
5,brand-symptom,/engine-brands/volkswagen/problems/diesel-swirl-flap-failure/,Volkswagen: Swirl Flap Failure,volkswagen swirl flap failure,volkswagen swirl flap failure fix | volkswagen swirl flap failure causes,P1,/engine-brands/volkswagen/,Only where the fault is characteristic of that brand's engines
5,brand-symptom,/engine-brands/mercedes-benz/problems/adblue-warning-countdown/,Mercedes-Benz: AdBlue Warning & Countdown To No-Start,mercedes-benz adblue warning & countdown to no-start,mercedes-benz adblue warning & countdown to no-start fix | mercedes-benz adblue warning & countdown to no-start causes,P1,/engine-brands/mercedes-benz/,Only where the fault is characteristic of that brand's engines
5,brand-symptom,/engine-brands/mercedes-benz/problems/diesel-swirl-flap-failure/,Mercedes-Benz: Swirl Flap Failure,mercedes-benz swirl flap failure,mercedes-benz swirl flap failure fix | mercedes-benz swirl flap failure causes,P1,/engine-brands/mercedes-benz/,Only where the fault is characteristic of that brand's engines
5,brand-symptom,/engine-brands/mercedes-benz/problems/diesel-oil-in-coolant/,Mercedes-Benz: Oil In Coolant,mercedes-benz oil in coolant,mercedes-benz oil in coolant fix | mercedes-benz oil in coolant causes,P1,/engine-brands/mercedes-benz/,Only where the fault is characteristic of that brand's engines
5,brand-symptom,/engine-brands/land-rover/problems/diesel-timing-chain-rattle/,Land Rover: Timing Chain Rattle On Startup,land rover timing chain rattle on startup,land rover timing chain rattle on startup fix | land rover timing chain rattle on startup causes,P1,/engine-brands/land-rover/,Only where the fault is characteristic of that brand's engines
5,brand-symptom,/engine-brands/land-rover/problems/diesel-low-oil-pressure/,Land Rover: Low Oil Pressure Warning,land rover low oil pressure warning,land rover low oil pressure warning fix | land rover low oil pressure warning causes,P1,/engine-brands/land-rover/,Only where the fault is characteristic of that brand's engines
5,brand-symptom,/engine-brands/land-rover/problems/diesel-coolant-loss-no-leak/,Land Rover: Losing Coolant With No Visible Leak,land rover losing coolant with no visible leak,land rover losing coolant with no visible leak fix | land rover losing coolant with no visible leak causes,P1,/engine-brands/land-rover/,Only where the fault is characteristic of that brand's engines
5,brand-symptom,/engine-brands/cummins/problems/diesel-excessive-blowby/,Cummins: Excessive Blow-By,cummins excessive blow-by,cummins excessive blow-by fix | cummins excessive blow-by causes,P1,/engine-brands/cummins/,Only where the fault is characteristic of that brand's engines
5,brand-symptom,/engine-brands/cummins/problems/diesel-runaway/,Cummins: Diesel Engine Runaway,cummins diesel engine runaway,cummins diesel engine runaway fix | cummins diesel engine runaway causes,P1,/engine-brands/cummins/,Only where the fault is characteristic of that brand's engines
5,brand-symptom,/engine-brands/cummins/problems/diesel-low-oil-pressure/,Cummins: Low Oil Pressure Warning,cummins low oil pressure warning,cummins low oil pressure warning fix | cummins low oil pressure warning causes,P1,/engine-brands/cummins/,Only where the fault is characteristic of that brand's engines
5,brand-symptom,/engine-brands/caterpillar/problems/diesel-low-oil-pressure/,Caterpillar: Low Oil Pressure Warning,caterpillar low oil pressure warning,caterpillar low oil pressure warning fix | caterpillar low oil pressure warning causes,P1,/engine-brands/caterpillar/,Only where the fault is characteristic of that brand's engines
5,brand-symptom,/engine-brands/caterpillar/problems/diesel-overheating/,Caterpillar: Diesel Engine Overheating,caterpillar diesel engine overheating,caterpillar diesel engine overheating fix | caterpillar diesel engine overheating causes,P1,/engine-brands/caterpillar/,Only where the fault is characteristic of that brand's engines
5,brand-symptom,/engine-brands/caterpillar/problems/diesel-excessive-blowby/,Caterpillar: Excessive Blow-By,caterpillar excessive blow-by,caterpillar excessive blow-by fix | caterpillar excessive blow-by causes,P1,/engine-brands/caterpillar/,Only where the fault is characteristic of that brand's engines
6,cost-service,/costs/diesel-mechanic/,Diesel Mechanic Cost in Australia,diesel mechanic cost australia,how much does diesel mechanic cost | diesel mechanic price,P0,/costs/,Needs a real price range sourced from providers
6,cost-city,/costs/diesel-mechanic/sydney/,Diesel Mechanic Cost in Sydney,diesel mechanic cost sydney,diesel mechanic price sydney,P2,/costs/diesel-mechanic/,Publish only with >=5 local quotes; otherwise fold into national page
6,cost-city,/costs/diesel-mechanic/melbourne/,Diesel Mechanic Cost in Melbourne,diesel mechanic cost melbourne,diesel mechanic price melbourne,P2,/costs/diesel-mechanic/,Publish only with >=5 local quotes; otherwise fold into national page
6,cost-city,/costs/diesel-mechanic/brisbane/,Diesel Mechanic Cost in Brisbane,diesel mechanic cost brisbane,diesel mechanic price brisbane,P2,/costs/diesel-mechanic/,Publish only with >=5 local quotes; otherwise fold into national page
6,cost-city,/costs/diesel-mechanic/perth/,Diesel Mechanic Cost in Perth,diesel mechanic cost perth,diesel mechanic price perth,P2,/costs/diesel-mechanic/,Publish only with >=5 local quotes; otherwise fold into national page
6,cost-city,/costs/diesel-mechanic/adelaide/,Diesel Mechanic Cost in Adelaide,diesel mechanic cost adelaide,diesel mechanic price adelaide,P2,/costs/diesel-mechanic/,Publish only with >=5 local quotes; otherwise fold into national page
6,cost-city,/costs/diesel-mechanic/gold-coast/,Diesel Mechanic Cost in Gold Coast,diesel mechanic cost gold coast,diesel mechanic price gold coast,P2,/costs/diesel-mechanic/,Publish only with >=5 local quotes; otherwise fold into national page
6,cost-city,/costs/diesel-mechanic/newcastle/,Diesel Mechanic Cost in Newcastle,diesel mechanic cost newcastle,diesel mechanic price newcastle,P2,/costs/diesel-mechanic/,Publish only with >=5 local quotes; otherwise fold into national page
6,cost-city,/costs/diesel-mechanic/canberra/,Diesel Mechanic Cost in Canberra,diesel mechanic cost canberra,diesel mechanic price canberra,P2,/costs/diesel-mechanic/,Publish only with >=5 local quotes; otherwise fold into national page
6,cost-city,/costs/diesel-mechanic/sunshine-coast/,Diesel Mechanic Cost in Sunshine Coast,diesel mechanic cost sunshine coast,diesel mechanic price sunshine coast,P2,/costs/diesel-mechanic/,Publish only with >=5 local quotes; otherwise fold into national page
6,cost-city,/costs/diesel-mechanic/wollongong/,Diesel Mechanic Cost in Wollongong,diesel mechanic cost wollongong,diesel mechanic price wollongong,P2,/costs/diesel-mechanic/,Publish only with >=5 local quotes; otherwise fold into national page
6,cost-service,/costs/diesel-engine-rebuild/,Diesel Engine Rebuild Cost in Australia,diesel engine rebuild cost australia,how much does diesel engine rebuild cost | diesel engine rebuild price,P0,/costs/,Needs a real price range sourced from providers
6,cost-city,/costs/diesel-engine-rebuild/sydney/,Diesel Engine Rebuild Cost in Sydney,diesel engine rebuild cost sydney,diesel engine rebuild price sydney,P2,/costs/diesel-engine-rebuild/,Publish only with >=5 local quotes; otherwise fold into national page
6,cost-city,/costs/diesel-engine-rebuild/melbourne/,Diesel Engine Rebuild Cost in Melbourne,diesel engine rebuild cost melbourne,diesel engine rebuild price melbourne,P2,/costs/diesel-engine-rebuild/,Publish only with >=5 local quotes; otherwise fold into national page
6,cost-city,/costs/diesel-engine-rebuild/brisbane/,Diesel Engine Rebuild Cost in Brisbane,diesel engine rebuild cost brisbane,diesel engine rebuild price brisbane,P2,/costs/diesel-engine-rebuild/,Publish only with >=5 local quotes; otherwise fold into national page
6,cost-city,/costs/diesel-engine-rebuild/perth/,Diesel Engine Rebuild Cost in Perth,diesel engine rebuild cost perth,diesel engine rebuild price perth,P2,/costs/diesel-engine-rebuild/,Publish only with >=5 local quotes; otherwise fold into national page
6,cost-city,/costs/diesel-engine-rebuild/adelaide/,Diesel Engine Rebuild Cost in Adelaide,diesel engine rebuild cost adelaide,diesel engine rebuild price adelaide,P2,/costs/diesel-engine-rebuild/,Publish only with >=5 local quotes; otherwise fold into national page
6,cost-city,/costs/diesel-engine-rebuild/gold-coast/,Diesel Engine Rebuild Cost in Gold Coast,diesel engine rebuild cost gold coast,diesel engine rebuild price gold coast,P2,/costs/diesel-engine-rebuild/,Publish only with >=5 local quotes; otherwise fold into national page
6,cost-city,/costs/diesel-engine-rebuild/newcastle/,Diesel Engine Rebuild Cost in Newcastle,diesel engine rebuild cost newcastle,diesel engine rebuild price newcastle,P2,/costs/diesel-engine-rebuild/,Publish only with >=5 local quotes; otherwise fold into national page
6,cost-city,/costs/diesel-engine-rebuild/canberra/,Diesel Engine Rebuild Cost in Canberra,diesel engine rebuild cost canberra,diesel engine rebuild price canberra,P2,/costs/diesel-engine-rebuild/,Publish only with >=5 local quotes; otherwise fold into national page
6,cost-city,/costs/diesel-engine-rebuild/sunshine-coast/,Diesel Engine Rebuild Cost in Sunshine Coast,diesel engine rebuild cost sunshine coast,diesel engine rebuild price sunshine coast,P2,/costs/diesel-engine-rebuild/,Publish only with >=5 local quotes; otherwise fold into national page
6,cost-city,/costs/diesel-engine-rebuild/wollongong/,Diesel Engine Rebuild Cost in Wollongong,diesel engine rebuild cost wollongong,diesel engine rebuild price wollongong,P2,/costs/diesel-engine-rebuild/,Publish only with >=5 local quotes; otherwise fold into national page
6,cost-service,/costs/diesel-engine-reconditioning/,Diesel Engine Reconditioning Cost in Australia,diesel engine reconditioning cost australia,how much does diesel engine reconditioning cost | diesel engine reconditioning price,P0,/costs/,Needs a real price range sourced from providers
6,cost-city,/costs/diesel-engine-reconditioning/sydney/,Diesel Engine Reconditioning Cost in Sydney,diesel engine reconditioning cost sydney,diesel engine reconditioning price sydney,P2,/costs/diesel-engine-reconditioning/,Publish only with >=5 local quotes; otherwise fold into national page
6,cost-city,/costs/diesel-engine-reconditioning/melbourne/,Diesel Engine Reconditioning Cost in Melbourne,diesel engine reconditioning cost melbourne,diesel engine reconditioning price melbourne,P2,/costs/diesel-engine-reconditioning/,Publish only with >=5 local quotes; otherwise fold into national page
6,cost-city,/costs/diesel-engine-reconditioning/brisbane/,Diesel Engine Reconditioning Cost in Brisbane,diesel engine reconditioning cost brisbane,diesel engine reconditioning price brisbane,P2,/costs/diesel-engine-reconditioning/,Publish only with >=5 local quotes; otherwise fold into national page
6,cost-city,/costs/diesel-engine-reconditioning/perth/,Diesel Engine Reconditioning Cost in Perth,diesel engine reconditioning cost perth,diesel engine reconditioning price perth,P2,/costs/diesel-engine-reconditioning/,Publish only with >=5 local quotes; otherwise fold into national page
6,cost-city,/costs/diesel-engine-reconditioning/adelaide/,Diesel Engine Reconditioning Cost in Adelaide,diesel engine reconditioning cost adelaide,diesel engine reconditioning price adelaide,P2,/costs/diesel-engine-reconditioning/,Publish only with >=5 local quotes; otherwise fold into national page
6,cost-city,/costs/diesel-engine-reconditioning/gold-coast/,Diesel Engine Reconditioning Cost in Gold Coast,diesel engine reconditioning cost gold coast,diesel engine reconditioning price gold coast,P2,/costs/diesel-engine-reconditioning/,Publish only with >=5 local quotes; otherwise fold into national page
6,cost-city,/costs/diesel-engine-reconditioning/newcastle/,Diesel Engine Reconditioning Cost in Newcastle,diesel engine reconditioning cost newcastle,diesel engine reconditioning price newcastle,P2,/costs/diesel-engine-reconditioning/,Publish only with >=5 local quotes; otherwise fold into national page
6,cost-city,/costs/diesel-engine-reconditioning/canberra/,Diesel Engine Reconditioning Cost in Canberra,diesel engine reconditioning cost canberra,diesel engine reconditioning price canberra,P2,/costs/diesel-engine-reconditioning/,Publish only with >=5 local quotes; otherwise fold into national page
6,cost-city,/costs/diesel-engine-reconditioning/sunshine-coast/,Diesel Engine Reconditioning Cost in Sunshine Coast,diesel engine reconditioning cost sunshine coast,diesel engine reconditioning price sunshine coast,P2,/costs/diesel-engine-reconditioning/,Publish only with >=5 local quotes; otherwise fold into national page
6,cost-city,/costs/diesel-engine-reconditioning/wollongong/,Diesel Engine Reconditioning Cost in Wollongong,diesel engine reconditioning cost wollongong,diesel engine reconditioning price wollongong,P2,/costs/diesel-engine-reconditioning/,Publish only with >=5 local quotes; otherwise fold into national page
6,cost-service,/costs/dpf-cleaning/,DPF Cleaning Cost in Australia,dpf cleaning cost australia,how much does dpf cleaning cost | dpf cleaning price,P0,/costs/,Needs a real price range sourced from providers
6,cost-city,/costs/dpf-cleaning/sydney/,DPF Cleaning Cost in Sydney,dpf cleaning cost sydney,dpf cleaning price sydney,P2,/costs/dpf-cleaning/,Publish only with >=5 local quotes; otherwise fold into national page
6,cost-city,/costs/dpf-cleaning/melbourne/,DPF Cleaning Cost in Melbourne,dpf cleaning cost melbourne,dpf cleaning price melbourne,P2,/costs/dpf-cleaning/,Publish only with >=5 local quotes; otherwise fold into national page
6,cost-city,/costs/dpf-cleaning/brisbane/,DPF Cleaning Cost in Brisbane,dpf cleaning cost brisbane,dpf cleaning price brisbane,P2,/costs/dpf-cleaning/,Publish only with >=5 local quotes; otherwise fold into national page
6,cost-city,/costs/dpf-cleaning/perth/,DPF Cleaning Cost in Perth,dpf cleaning cost perth,dpf cleaning price perth,P2,/costs/dpf-cleaning/,Publish only with >=5 local quotes; otherwise fold into national page
6,cost-city,/costs/dpf-cleaning/adelaide/,DPF Cleaning Cost in Adelaide,dpf cleaning cost adelaide,dpf cleaning price adelaide,P2,/costs/dpf-cleaning/,Publish only with >=5 local quotes; otherwise fold into national page
6,cost-city,/costs/dpf-cleaning/gold-coast/,DPF Cleaning Cost in Gold Coast,dpf cleaning cost gold coast,dpf cleaning price gold coast,P2,/costs/dpf-cleaning/,Publish only with >=5 local quotes; otherwise fold into national page
6,cost-city,/costs/dpf-cleaning/newcastle/,DPF Cleaning Cost in Newcastle,dpf cleaning cost newcastle,dpf cleaning price newcastle,P2,/costs/dpf-cleaning/,Publish only with >=5 local quotes; otherwise fold into national page
6,cost-city,/costs/dpf-cleaning/canberra/,DPF Cleaning Cost in Canberra,dpf cleaning cost canberra,dpf cleaning price canberra,P2,/costs/dpf-cleaning/,Publish only with >=5 local quotes; otherwise fold into national page
6,cost-city,/costs/dpf-cleaning/sunshine-coast/,DPF Cleaning Cost in Sunshine Coast,dpf cleaning cost sunshine coast,dpf cleaning price sunshine coast,P2,/costs/dpf-cleaning/,Publish only with >=5 local quotes; otherwise fold into national page
6,cost-city,/costs/dpf-cleaning/wollongong/,DPF Cleaning Cost in Wollongong,dpf cleaning cost wollongong,dpf cleaning price wollongong,P2,/costs/dpf-cleaning/,Publish only with >=5 local quotes; otherwise fold into national page
6,cost-service,/costs/egr-cleaning/,EGR Cleaning Cost in Australia,egr cleaning cost australia,how much does egr cleaning cost | egr cleaning price,P0,/costs/,Needs a real price range sourced from providers
6,cost-city,/costs/egr-cleaning/sydney/,EGR Cleaning Cost in Sydney,egr cleaning cost sydney,egr cleaning price sydney,P2,/costs/egr-cleaning/,Publish only with >=5 local quotes; otherwise fold into national page
6,cost-city,/costs/egr-cleaning/melbourne/,EGR Cleaning Cost in Melbourne,egr cleaning cost melbourne,egr cleaning price melbourne,P2,/costs/egr-cleaning/,Publish only with >=5 local quotes; otherwise fold into national page
6,cost-city,/costs/egr-cleaning/brisbane/,EGR Cleaning Cost in Brisbane,egr cleaning cost brisbane,egr cleaning price brisbane,P2,/costs/egr-cleaning/,Publish only with >=5 local quotes; otherwise fold into national page
6,cost-city,/costs/egr-cleaning/perth/,EGR Cleaning Cost in Perth,egr cleaning cost perth,egr cleaning price perth,P2,/costs/egr-cleaning/,Publish only with >=5 local quotes; otherwise fold into national page
6,cost-city,/costs/egr-cleaning/adelaide/,EGR Cleaning Cost in Adelaide,egr cleaning cost adelaide,egr cleaning price adelaide,P2,/costs/egr-cleaning/,Publish only with >=5 local quotes; otherwise fold into national page
6,cost-city,/costs/egr-cleaning/gold-coast/,EGR Cleaning Cost in Gold Coast,egr cleaning cost gold coast,egr cleaning price gold coast,P2,/costs/egr-cleaning/,Publish only with >=5 local quotes; otherwise fold into national page
6,cost-city,/costs/egr-cleaning/newcastle/,EGR Cleaning Cost in Newcastle,egr cleaning cost newcastle,egr cleaning price newcastle,P2,/costs/egr-cleaning/,Publish only with >=5 local quotes; otherwise fold into national page
6,cost-city,/costs/egr-cleaning/canberra/,EGR Cleaning Cost in Canberra,egr cleaning cost canberra,egr cleaning price canberra,P2,/costs/egr-cleaning/,Publish only with >=5 local quotes; otherwise fold into national page
6,cost-city,/costs/egr-cleaning/sunshine-coast/,EGR Cleaning Cost in Sunshine Coast,egr cleaning cost sunshine coast,egr cleaning price sunshine coast,P2,/costs/egr-cleaning/,Publish only with >=5 local quotes; otherwise fold into national page
6,cost-city,/costs/egr-cleaning/wollongong/,EGR Cleaning Cost in Wollongong,egr cleaning cost wollongong,egr cleaning price wollongong,P2,/costs/egr-cleaning/,Publish only with >=5 local quotes; otherwise fold into national page
6,cost-service,/costs/adblue-scr-repair/,AdBlue / SCR System Repair Cost in Australia,adblue / scr system repair cost australia,how much does adblue / scr system repair cost | adblue / scr system repair price,P0,/costs/,Needs a real price range sourced from providers
6,cost-city,/costs/adblue-scr-repair/sydney/,AdBlue / SCR System Repair Cost in Sydney,adblue / scr system repair cost sydney,adblue / scr system repair price sydney,P2,/costs/adblue-scr-repair/,Publish only with >=5 local quotes; otherwise fold into national page
6,cost-city,/costs/adblue-scr-repair/melbourne/,AdBlue / SCR System Repair Cost in Melbourne,adblue / scr system repair cost melbourne,adblue / scr system repair price melbourne,P2,/costs/adblue-scr-repair/,Publish only with >=5 local quotes; otherwise fold into national page
6,cost-city,/costs/adblue-scr-repair/brisbane/,AdBlue / SCR System Repair Cost in Brisbane,adblue / scr system repair cost brisbane,adblue / scr system repair price brisbane,P2,/costs/adblue-scr-repair/,Publish only with >=5 local quotes; otherwise fold into national page
6,cost-city,/costs/adblue-scr-repair/perth/,AdBlue / SCR System Repair Cost in Perth,adblue / scr system repair cost perth,adblue / scr system repair price perth,P2,/costs/adblue-scr-repair/,Publish only with >=5 local quotes; otherwise fold into national page
6,cost-city,/costs/adblue-scr-repair/adelaide/,AdBlue / SCR System Repair Cost in Adelaide,adblue / scr system repair cost adelaide,adblue / scr system repair price adelaide,P2,/costs/adblue-scr-repair/,Publish only with >=5 local quotes; otherwise fold into national page
6,cost-city,/costs/adblue-scr-repair/gold-coast/,AdBlue / SCR System Repair Cost in Gold Coast,adblue / scr system repair cost gold coast,adblue / scr system repair price gold coast,P2,/costs/adblue-scr-repair/,Publish only with >=5 local quotes; otherwise fold into national page
6,cost-city,/costs/adblue-scr-repair/newcastle/,AdBlue / SCR System Repair Cost in Newcastle,adblue / scr system repair cost newcastle,adblue / scr system repair price newcastle,P2,/costs/adblue-scr-repair/,Publish only with >=5 local quotes; otherwise fold into national page
6,cost-city,/costs/adblue-scr-repair/canberra/,AdBlue / SCR System Repair Cost in Canberra,adblue / scr system repair cost canberra,adblue / scr system repair price canberra,P2,/costs/adblue-scr-repair/,Publish only with >=5 local quotes; otherwise fold into national page
6,cost-city,/costs/adblue-scr-repair/sunshine-coast/,AdBlue / SCR System Repair Cost in Sunshine Coast,adblue / scr system repair cost sunshine coast,adblue / scr system repair price sunshine coast,P2,/costs/adblue-scr-repair/,Publish only with >=5 local quotes; otherwise fold into national page
6,cost-city,/costs/adblue-scr-repair/wollongong/,AdBlue / SCR System Repair Cost in Wollongong,adblue / scr system repair cost wollongong,adblue / scr system repair price wollongong,P2,/costs/adblue-scr-repair/,Publish only with >=5 local quotes; otherwise fold into national page
6,cost-service,/costs/diesel-injector-replacement/,Diesel Injector Replacement Cost in Australia,diesel injector replacement cost australia,how much does diesel injector replacement cost | diesel injector replacement price,P0,/costs/,Needs a real price range sourced from providers
6,cost-city,/costs/diesel-injector-replacement/sydney/,Diesel Injector Replacement Cost in Sydney,diesel injector replacement cost sydney,diesel injector replacement price sydney,P2,/costs/diesel-injector-replacement/,Publish only with >=5 local quotes; otherwise fold into national page
6,cost-city,/costs/diesel-injector-replacement/melbourne/,Diesel Injector Replacement Cost in Melbourne,diesel injector replacement cost melbourne,diesel injector replacement price melbourne,P2,/costs/diesel-injector-replacement/,Publish only with >=5 local quotes; otherwise fold into national page
6,cost-city,/costs/diesel-injector-replacement/brisbane/,Diesel Injector Replacement Cost in Brisbane,diesel injector replacement cost brisbane,diesel injector replacement price brisbane,P2,/costs/diesel-injector-replacement/,Publish only with >=5 local quotes; otherwise fold into national page
6,cost-city,/costs/diesel-injector-replacement/perth/,Diesel Injector Replacement Cost in Perth,diesel injector replacement cost perth,diesel injector replacement price perth,P2,/costs/diesel-injector-replacement/,Publish only with >=5 local quotes; otherwise fold into national page
6,cost-city,/costs/diesel-injector-replacement/adelaide/,Diesel Injector Replacement Cost in Adelaide,diesel injector replacement cost adelaide,diesel injector replacement price adelaide,P2,/costs/diesel-injector-replacement/,Publish only with >=5 local quotes; otherwise fold into national page
6,cost-city,/costs/diesel-injector-replacement/gold-coast/,Diesel Injector Replacement Cost in Gold Coast,diesel injector replacement cost gold coast,diesel injector replacement price gold coast,P2,/costs/diesel-injector-replacement/,Publish only with >=5 local quotes; otherwise fold into national page
6,cost-city,/costs/diesel-injector-replacement/newcastle/,Diesel Injector Replacement Cost in Newcastle,diesel injector replacement cost newcastle,diesel injector replacement price newcastle,P2,/costs/diesel-injector-replacement/,Publish only with >=5 local quotes; otherwise fold into national page
6,cost-city,/costs/diesel-injector-replacement/canberra/,Diesel Injector Replacement Cost in Canberra,diesel injector replacement cost canberra,diesel injector replacement price canberra,P2,/costs/diesel-injector-replacement/,Publish only with >=5 local quotes; otherwise fold into national page
6,cost-city,/costs/diesel-injector-replacement/sunshine-coast/,Diesel Injector Replacement Cost in Sunshine Coast,diesel injector replacement cost sunshine coast,diesel injector replacement price sunshine coast,P2,/costs/diesel-injector-replacement/,Publish only with >=5 local quotes; otherwise fold into national page
6,cost-city,/costs/diesel-injector-replacement/wollongong/,Diesel Injector Replacement Cost in Wollongong,diesel injector replacement cost wollongong,diesel injector replacement price wollongong,P2,/costs/diesel-injector-replacement/,Publish only with >=5 local quotes; otherwise fold into national page
6,cost-service,/costs/diesel-injector-testing/,Diesel Injector Testing Cost in Australia,diesel injector testing cost australia,how much does diesel injector testing cost | diesel injector testing price,P0,/costs/,Needs a real price range sourced from providers
6,cost-city,/costs/diesel-injector-testing/sydney/,Diesel Injector Testing Cost in Sydney,diesel injector testing cost sydney,diesel injector testing price sydney,P2,/costs/diesel-injector-testing/,Publish only with >=5 local quotes; otherwise fold into national page
6,cost-city,/costs/diesel-injector-testing/melbourne/,Diesel Injector Testing Cost in Melbourne,diesel injector testing cost melbourne,diesel injector testing price melbourne,P2,/costs/diesel-injector-testing/,Publish only with >=5 local quotes; otherwise fold into national page
6,cost-city,/costs/diesel-injector-testing/brisbane/,Diesel Injector Testing Cost in Brisbane,diesel injector testing cost brisbane,diesel injector testing price brisbane,P2,/costs/diesel-injector-testing/,Publish only with >=5 local quotes; otherwise fold into national page
6,cost-city,/costs/diesel-injector-testing/perth/,Diesel Injector Testing Cost in Perth,diesel injector testing cost perth,diesel injector testing price perth,P2,/costs/diesel-injector-testing/,Publish only with >=5 local quotes; otherwise fold into national page
6,cost-city,/costs/diesel-injector-testing/adelaide/,Diesel Injector Testing Cost in Adelaide,diesel injector testing cost adelaide,diesel injector testing price adelaide,P2,/costs/diesel-injector-testing/,Publish only with >=5 local quotes; otherwise fold into national page
6,cost-city,/costs/diesel-injector-testing/gold-coast/,Diesel Injector Testing Cost in Gold Coast,diesel injector testing cost gold coast,diesel injector testing price gold coast,P2,/costs/diesel-injector-testing/,Publish only with >=5 local quotes; otherwise fold into national page
6,cost-city,/costs/diesel-injector-testing/newcastle/,Diesel Injector Testing Cost in Newcastle,diesel injector testing cost newcastle,diesel injector testing price newcastle,P2,/costs/diesel-injector-testing/,Publish only with >=5 local quotes; otherwise fold into national page
6,cost-city,/costs/diesel-injector-testing/canberra/,Diesel Injector Testing Cost in Canberra,diesel injector testing cost canberra,diesel injector testing price canberra,P2,/costs/diesel-injector-testing/,Publish only with >=5 local quotes; otherwise fold into national page
6,cost-city,/costs/diesel-injector-testing/sunshine-coast/,Diesel Injector Testing Cost in Sunshine Coast,diesel injector testing cost sunshine coast,diesel injector testing price sunshine coast,P2,/costs/diesel-injector-testing/,Publish only with >=5 local quotes; otherwise fold into national page
6,cost-city,/costs/diesel-injector-testing/wollongong/,Diesel Injector Testing Cost in Wollongong,diesel injector testing cost wollongong,diesel injector testing price wollongong,P2,/costs/diesel-injector-testing/,Publish only with >=5 local quotes; otherwise fold into national page
6,cost-service,/costs/diesel-fuel-pump-repair/,Diesel Fuel Pump Repair Cost in Australia,diesel fuel pump repair cost australia,how much does diesel fuel pump repair cost | diesel fuel pump repair price,P0,/costs/,Needs a real price range sourced from providers
6,cost-city,/costs/diesel-fuel-pump-repair/sydney/,Diesel Fuel Pump Repair Cost in Sydney,diesel fuel pump repair cost sydney,diesel fuel pump repair price sydney,P2,/costs/diesel-fuel-pump-repair/,Publish only with >=5 local quotes; otherwise fold into national page
6,cost-city,/costs/diesel-fuel-pump-repair/melbourne/,Diesel Fuel Pump Repair Cost in Melbourne,diesel fuel pump repair cost melbourne,diesel fuel pump repair price melbourne,P2,/costs/diesel-fuel-pump-repair/,Publish only with >=5 local quotes; otherwise fold into national page
6,cost-city,/costs/diesel-fuel-pump-repair/brisbane/,Diesel Fuel Pump Repair Cost in Brisbane,diesel fuel pump repair cost brisbane,diesel fuel pump repair price brisbane,P2,/costs/diesel-fuel-pump-repair/,Publish only with >=5 local quotes; otherwise fold into national page
6,cost-city,/costs/diesel-fuel-pump-repair/perth/,Diesel Fuel Pump Repair Cost in Perth,diesel fuel pump repair cost perth,diesel fuel pump repair price perth,P2,/costs/diesel-fuel-pump-repair/,Publish only with >=5 local quotes; otherwise fold into national page
6,cost-city,/costs/diesel-fuel-pump-repair/adelaide/,Diesel Fuel Pump Repair Cost in Adelaide,diesel fuel pump repair cost adelaide,diesel fuel pump repair price adelaide,P2,/costs/diesel-fuel-pump-repair/,Publish only with >=5 local quotes; otherwise fold into national page
6,cost-city,/costs/diesel-fuel-pump-repair/gold-coast/,Diesel Fuel Pump Repair Cost in Gold Coast,diesel fuel pump repair cost gold coast,diesel fuel pump repair price gold coast,P2,/costs/diesel-fuel-pump-repair/,Publish only with >=5 local quotes; otherwise fold into national page
6,cost-city,/costs/diesel-fuel-pump-repair/newcastle/,Diesel Fuel Pump Repair Cost in Newcastle,diesel fuel pump repair cost newcastle,diesel fuel pump repair price newcastle,P2,/costs/diesel-fuel-pump-repair/,Publish only with >=5 local quotes; otherwise fold into national page
6,cost-city,/costs/diesel-fuel-pump-repair/canberra/,Diesel Fuel Pump Repair Cost in Canberra,diesel fuel pump repair cost canberra,diesel fuel pump repair price canberra,P2,/costs/diesel-fuel-pump-repair/,Publish only with >=5 local quotes; otherwise fold into national page
6,cost-city,/costs/diesel-fuel-pump-repair/sunshine-coast/,Diesel Fuel Pump Repair Cost in Sunshine Coast,diesel fuel pump repair cost sunshine coast,diesel fuel pump repair price sunshine coast,P2,/costs/diesel-fuel-pump-repair/,Publish only with >=5 local quotes; otherwise fold into national page
6,cost-city,/costs/diesel-fuel-pump-repair/wollongong/,Diesel Fuel Pump Repair Cost in Wollongong,diesel fuel pump repair cost wollongong,diesel fuel pump repair price wollongong,P2,/costs/diesel-fuel-pump-repair/,Publish only with >=5 local quotes; otherwise fold into national page
6,cost-service,/costs/common-rail-diagnostics/,Common Rail Diagnostics Cost in Australia,common rail diagnostics cost australia,how much does common rail diagnostics cost | common rail diagnostics price,P0,/costs/,Needs a real price range sourced from providers
6,cost-city,/costs/common-rail-diagnostics/sydney/,Common Rail Diagnostics Cost in Sydney,common rail diagnostics cost sydney,common rail diagnostics price sydney,P2,/costs/common-rail-diagnostics/,Publish only with >=5 local quotes; otherwise fold into national page
6,cost-city,/costs/common-rail-diagnostics/melbourne/,Common Rail Diagnostics Cost in Melbourne,common rail diagnostics cost melbourne,common rail diagnostics price melbourne,P2,/costs/common-rail-diagnostics/,Publish only with >=5 local quotes; otherwise fold into national page
6,cost-city,/costs/common-rail-diagnostics/brisbane/,Common Rail Diagnostics Cost in Brisbane,common rail diagnostics cost brisbane,common rail diagnostics price brisbane,P2,/costs/common-rail-diagnostics/,Publish only with >=5 local quotes; otherwise fold into national page
6,cost-city,/costs/common-rail-diagnostics/perth/,Common Rail Diagnostics Cost in Perth,common rail diagnostics cost perth,common rail diagnostics price perth,P2,/costs/common-rail-diagnostics/,Publish only with >=5 local quotes; otherwise fold into national page
6,cost-city,/costs/common-rail-diagnostics/adelaide/,Common Rail Diagnostics Cost in Adelaide,common rail diagnostics cost adelaide,common rail diagnostics price adelaide,P2,/costs/common-rail-diagnostics/,Publish only with >=5 local quotes; otherwise fold into national page
6,cost-city,/costs/common-rail-diagnostics/gold-coast/,Common Rail Diagnostics Cost in Gold Coast,common rail diagnostics cost gold coast,common rail diagnostics price gold coast,P2,/costs/common-rail-diagnostics/,Publish only with >=5 local quotes; otherwise fold into national page
6,cost-city,/costs/common-rail-diagnostics/newcastle/,Common Rail Diagnostics Cost in Newcastle,common rail diagnostics cost newcastle,common rail diagnostics price newcastle,P2,/costs/common-rail-diagnostics/,Publish only with >=5 local quotes; otherwise fold into national page
6,cost-city,/costs/common-rail-diagnostics/canberra/,Common Rail Diagnostics Cost in Canberra,common rail diagnostics cost canberra,common rail diagnostics price canberra,P2,/costs/common-rail-diagnostics/,Publish only with >=5 local quotes; otherwise fold into national page
6,cost-city,/costs/common-rail-diagnostics/sunshine-coast/,Common Rail Diagnostics Cost in Sunshine Coast,common rail diagnostics cost sunshine coast,common rail diagnostics price sunshine coast,P2,/costs/common-rail-diagnostics/,Publish only with >=5 local quotes; otherwise fold into national page
6,cost-city,/costs/common-rail-diagnostics/wollongong/,Common Rail Diagnostics Cost in Wollongong,common rail diagnostics cost wollongong,common rail diagnostics price wollongong,P2,/costs/common-rail-diagnostics/,Publish only with >=5 local quotes; otherwise fold into national page
6,cost-service,/costs/turbo-repair/,Turbocharger Repair Cost in Australia,turbocharger repair cost australia,how much does turbocharger repair cost | turbocharger repair price,P0,/costs/,Needs a real price range sourced from providers
6,cost-city,/costs/turbo-repair/sydney/,Turbocharger Repair Cost in Sydney,turbocharger repair cost sydney,turbocharger repair price sydney,P2,/costs/turbo-repair/,Publish only with >=5 local quotes; otherwise fold into national page
6,cost-city,/costs/turbo-repair/melbourne/,Turbocharger Repair Cost in Melbourne,turbocharger repair cost melbourne,turbocharger repair price melbourne,P2,/costs/turbo-repair/,Publish only with >=5 local quotes; otherwise fold into national page
6,cost-city,/costs/turbo-repair/brisbane/,Turbocharger Repair Cost in Brisbane,turbocharger repair cost brisbane,turbocharger repair price brisbane,P2,/costs/turbo-repair/,Publish only with >=5 local quotes; otherwise fold into national page
6,cost-city,/costs/turbo-repair/perth/,Turbocharger Repair Cost in Perth,turbocharger repair cost perth,turbocharger repair price perth,P2,/costs/turbo-repair/,Publish only with >=5 local quotes; otherwise fold into national page
6,cost-city,/costs/turbo-repair/adelaide/,Turbocharger Repair Cost in Adelaide,turbocharger repair cost adelaide,turbocharger repair price adelaide,P2,/costs/turbo-repair/,Publish only with >=5 local quotes; otherwise fold into national page
6,cost-city,/costs/turbo-repair/gold-coast/,Turbocharger Repair Cost in Gold Coast,turbocharger repair cost gold coast,turbocharger repair price gold coast,P2,/costs/turbo-repair/,Publish only with >=5 local quotes; otherwise fold into national page
6,cost-city,/costs/turbo-repair/newcastle/,Turbocharger Repair Cost in Newcastle,turbocharger repair cost newcastle,turbocharger repair price newcastle,P2,/costs/turbo-repair/,Publish only with >=5 local quotes; otherwise fold into national page
6,cost-city,/costs/turbo-repair/canberra/,Turbocharger Repair Cost in Canberra,turbocharger repair cost canberra,turbocharger repair price canberra,P2,/costs/turbo-repair/,Publish only with >=5 local quotes; otherwise fold into national page
6,cost-city,/costs/turbo-repair/sunshine-coast/,Turbocharger Repair Cost in Sunshine Coast,turbocharger repair cost sunshine coast,turbocharger repair price sunshine coast,P2,/costs/turbo-repair/,Publish only with >=5 local quotes; otherwise fold into national page
6,cost-city,/costs/turbo-repair/wollongong/,Turbocharger Repair Cost in Wollongong,turbocharger repair cost wollongong,turbocharger repair price wollongong,P2,/costs/turbo-repair/,Publish only with >=5 local quotes; otherwise fold into national page
6,cost-service,/costs/turbo-replacement/,Turbocharger Replacement Cost in Australia,turbocharger replacement cost australia,how much does turbocharger replacement cost | turbocharger replacement price,P0,/costs/,Needs a real price range sourced from providers
6,cost-city,/costs/turbo-replacement/sydney/,Turbocharger Replacement Cost in Sydney,turbocharger replacement cost sydney,turbocharger replacement price sydney,P2,/costs/turbo-replacement/,Publish only with >=5 local quotes; otherwise fold into national page
6,cost-city,/costs/turbo-replacement/melbourne/,Turbocharger Replacement Cost in Melbourne,turbocharger replacement cost melbourne,turbocharger replacement price melbourne,P2,/costs/turbo-replacement/,Publish only with >=5 local quotes; otherwise fold into national page
6,cost-city,/costs/turbo-replacement/brisbane/,Turbocharger Replacement Cost in Brisbane,turbocharger replacement cost brisbane,turbocharger replacement price brisbane,P2,/costs/turbo-replacement/,Publish only with >=5 local quotes; otherwise fold into national page
6,cost-city,/costs/turbo-replacement/perth/,Turbocharger Replacement Cost in Perth,turbocharger replacement cost perth,turbocharger replacement price perth,P2,/costs/turbo-replacement/,Publish only with >=5 local quotes; otherwise fold into national page
6,cost-city,/costs/turbo-replacement/adelaide/,Turbocharger Replacement Cost in Adelaide,turbocharger replacement cost adelaide,turbocharger replacement price adelaide,P2,/costs/turbo-replacement/,Publish only with >=5 local quotes; otherwise fold into national page
6,cost-city,/costs/turbo-replacement/gold-coast/,Turbocharger Replacement Cost in Gold Coast,turbocharger replacement cost gold coast,turbocharger replacement price gold coast,P2,/costs/turbo-replacement/,Publish only with >=5 local quotes; otherwise fold into national page
6,cost-city,/costs/turbo-replacement/newcastle/,Turbocharger Replacement Cost in Newcastle,turbocharger replacement cost newcastle,turbocharger replacement price newcastle,P2,/costs/turbo-replacement/,Publish only with >=5 local quotes; otherwise fold into national page
6,cost-city,/costs/turbo-replacement/canberra/,Turbocharger Replacement Cost in Canberra,turbocharger replacement cost canberra,turbocharger replacement price canberra,P2,/costs/turbo-replacement/,Publish only with >=5 local quotes; otherwise fold into national page
6,cost-city,/costs/turbo-replacement/sunshine-coast/,Turbocharger Replacement Cost in Sunshine Coast,turbocharger replacement cost sunshine coast,turbocharger replacement price sunshine coast,P2,/costs/turbo-replacement/,Publish only with >=5 local quotes; otherwise fold into national page
6,cost-city,/costs/turbo-replacement/wollongong/,Turbocharger Replacement Cost in Wollongong,turbocharger replacement cost wollongong,turbocharger replacement price wollongong,P2,/costs/turbo-replacement/,Publish only with >=5 local quotes; otherwise fold into national page
6,cost-service,/costs/cylinder-head-repair/,Cylinder Head Repair Cost in Australia,cylinder head repair cost australia,how much does cylinder head repair cost | cylinder head repair price,P0,/costs/,Needs a real price range sourced from providers
6,cost-city,/costs/cylinder-head-repair/sydney/,Cylinder Head Repair Cost in Sydney,cylinder head repair cost sydney,cylinder head repair price sydney,P2,/costs/cylinder-head-repair/,Publish only with >=5 local quotes; otherwise fold into national page
6,cost-city,/costs/cylinder-head-repair/melbourne/,Cylinder Head Repair Cost in Melbourne,cylinder head repair cost melbourne,cylinder head repair price melbourne,P2,/costs/cylinder-head-repair/,Publish only with >=5 local quotes; otherwise fold into national page
6,cost-city,/costs/cylinder-head-repair/brisbane/,Cylinder Head Repair Cost in Brisbane,cylinder head repair cost brisbane,cylinder head repair price brisbane,P2,/costs/cylinder-head-repair/,Publish only with >=5 local quotes; otherwise fold into national page
6,cost-city,/costs/cylinder-head-repair/perth/,Cylinder Head Repair Cost in Perth,cylinder head repair cost perth,cylinder head repair price perth,P2,/costs/cylinder-head-repair/,Publish only with >=5 local quotes; otherwise fold into national page
6,cost-city,/costs/cylinder-head-repair/adelaide/,Cylinder Head Repair Cost in Adelaide,cylinder head repair cost adelaide,cylinder head repair price adelaide,P2,/costs/cylinder-head-repair/,Publish only with >=5 local quotes; otherwise fold into national page
6,cost-city,/costs/cylinder-head-repair/gold-coast/,Cylinder Head Repair Cost in Gold Coast,cylinder head repair cost gold coast,cylinder head repair price gold coast,P2,/costs/cylinder-head-repair/,Publish only with >=5 local quotes; otherwise fold into national page
6,cost-city,/costs/cylinder-head-repair/newcastle/,Cylinder Head Repair Cost in Newcastle,cylinder head repair cost newcastle,cylinder head repair price newcastle,P2,/costs/cylinder-head-repair/,Publish only with >=5 local quotes; otherwise fold into national page
6,cost-city,/costs/cylinder-head-repair/canberra/,Cylinder Head Repair Cost in Canberra,cylinder head repair cost canberra,cylinder head repair price canberra,P2,/costs/cylinder-head-repair/,Publish only with >=5 local quotes; otherwise fold into national page
6,cost-city,/costs/cylinder-head-repair/sunshine-coast/,Cylinder Head Repair Cost in Sunshine Coast,cylinder head repair cost sunshine coast,cylinder head repair price sunshine coast,P2,/costs/cylinder-head-repair/,Publish only with >=5 local quotes; otherwise fold into national page
6,cost-city,/costs/cylinder-head-repair/wollongong/,Cylinder Head Repair Cost in Wollongong,cylinder head repair cost wollongong,cylinder head repair price wollongong,P2,/costs/cylinder-head-repair/,Publish only with >=5 local quotes; otherwise fold into national page
6,cost-service,/costs/head-gasket-replacement/,Head Gasket Replacement Cost in Australia,head gasket replacement cost australia,how much does head gasket replacement cost | head gasket replacement price,P0,/costs/,Needs a real price range sourced from providers
6,cost-city,/costs/head-gasket-replacement/sydney/,Head Gasket Replacement Cost in Sydney,head gasket replacement cost sydney,head gasket replacement price sydney,P2,/costs/head-gasket-replacement/,Publish only with >=5 local quotes; otherwise fold into national page
6,cost-city,/costs/head-gasket-replacement/melbourne/,Head Gasket Replacement Cost in Melbourne,head gasket replacement cost melbourne,head gasket replacement price melbourne,P2,/costs/head-gasket-replacement/,Publish only with >=5 local quotes; otherwise fold into national page
6,cost-city,/costs/head-gasket-replacement/brisbane/,Head Gasket Replacement Cost in Brisbane,head gasket replacement cost brisbane,head gasket replacement price brisbane,P2,/costs/head-gasket-replacement/,Publish only with >=5 local quotes; otherwise fold into national page
6,cost-city,/costs/head-gasket-replacement/perth/,Head Gasket Replacement Cost in Perth,head gasket replacement cost perth,head gasket replacement price perth,P2,/costs/head-gasket-replacement/,Publish only with >=5 local quotes; otherwise fold into national page
6,cost-city,/costs/head-gasket-replacement/adelaide/,Head Gasket Replacement Cost in Adelaide,head gasket replacement cost adelaide,head gasket replacement price adelaide,P2,/costs/head-gasket-replacement/,Publish only with >=5 local quotes; otherwise fold into national page
6,cost-city,/costs/head-gasket-replacement/gold-coast/,Head Gasket Replacement Cost in Gold Coast,head gasket replacement cost gold coast,head gasket replacement price gold coast,P2,/costs/head-gasket-replacement/,Publish only with >=5 local quotes; otherwise fold into national page
6,cost-city,/costs/head-gasket-replacement/newcastle/,Head Gasket Replacement Cost in Newcastle,head gasket replacement cost newcastle,head gasket replacement price newcastle,P2,/costs/head-gasket-replacement/,Publish only with >=5 local quotes; otherwise fold into national page
6,cost-city,/costs/head-gasket-replacement/canberra/,Head Gasket Replacement Cost in Canberra,head gasket replacement cost canberra,head gasket replacement price canberra,P2,/costs/head-gasket-replacement/,Publish only with >=5 local quotes; otherwise fold into national page
6,cost-city,/costs/head-gasket-replacement/sunshine-coast/,Head Gasket Replacement Cost in Sunshine Coast,head gasket replacement cost sunshine coast,head gasket replacement price sunshine coast,P2,/costs/head-gasket-replacement/,Publish only with >=5 local quotes; otherwise fold into national page
6,cost-city,/costs/head-gasket-replacement/wollongong/,Head Gasket Replacement Cost in Wollongong,head gasket replacement cost wollongong,head gasket replacement price wollongong,P2,/costs/head-gasket-replacement/,Publish only with >=5 local quotes; otherwise fold into national page
6,cost-service,/costs/engine-block-machining/,Engine Block Machining Cost in Australia,engine block machining cost australia,how much does engine block machining cost | engine block machining price,P0,/costs/,Needs a real price range sourced from providers
6,cost-city,/costs/engine-block-machining/sydney/,Engine Block Machining Cost in Sydney,engine block machining cost sydney,engine block machining price sydney,P2,/costs/engine-block-machining/,Publish only with >=5 local quotes; otherwise fold into national page
6,cost-city,/costs/engine-block-machining/melbourne/,Engine Block Machining Cost in Melbourne,engine block machining cost melbourne,engine block machining price melbourne,P2,/costs/engine-block-machining/,Publish only with >=5 local quotes; otherwise fold into national page
6,cost-city,/costs/engine-block-machining/brisbane/,Engine Block Machining Cost in Brisbane,engine block machining cost brisbane,engine block machining price brisbane,P2,/costs/engine-block-machining/,Publish only with >=5 local quotes; otherwise fold into national page
6,cost-city,/costs/engine-block-machining/perth/,Engine Block Machining Cost in Perth,engine block machining cost perth,engine block machining price perth,P2,/costs/engine-block-machining/,Publish only with >=5 local quotes; otherwise fold into national page
6,cost-city,/costs/engine-block-machining/adelaide/,Engine Block Machining Cost in Adelaide,engine block machining cost adelaide,engine block machining price adelaide,P2,/costs/engine-block-machining/,Publish only with >=5 local quotes; otherwise fold into national page
6,cost-city,/costs/engine-block-machining/gold-coast/,Engine Block Machining Cost in Gold Coast,engine block machining cost gold coast,engine block machining price gold coast,P2,/costs/engine-block-machining/,Publish only with >=5 local quotes; otherwise fold into national page
6,cost-city,/costs/engine-block-machining/newcastle/,Engine Block Machining Cost in Newcastle,engine block machining cost newcastle,engine block machining price newcastle,P2,/costs/engine-block-machining/,Publish only with >=5 local quotes; otherwise fold into national page
6,cost-city,/costs/engine-block-machining/canberra/,Engine Block Machining Cost in Canberra,engine block machining cost canberra,engine block machining price canberra,P2,/costs/engine-block-machining/,Publish only with >=5 local quotes; otherwise fold into national page
6,cost-city,/costs/engine-block-machining/sunshine-coast/,Engine Block Machining Cost in Sunshine Coast,engine block machining cost sunshine coast,engine block machining price sunshine coast,P2,/costs/engine-block-machining/,Publish only with >=5 local quotes; otherwise fold into national page
6,cost-city,/costs/engine-block-machining/wollongong/,Engine Block Machining Cost in Wollongong,engine block machining cost wollongong,engine block machining price wollongong,P2,/costs/engine-block-machining/,Publish only with >=5 local quotes; otherwise fold into national page
6,cost-service,/costs/timing-chain-belt-replacement/,Timing Chain & Belt Replacement Cost in Australia,timing chain & belt replacement cost australia,how much does timing chain & belt replacement cost | timing chain & belt replacement price,P0,/costs/,Needs a real price range sourced from providers
6,cost-city,/costs/timing-chain-belt-replacement/sydney/,Timing Chain & Belt Replacement Cost in Sydney,timing chain & belt replacement cost sydney,timing chain & belt replacement price sydney,P2,/costs/timing-chain-belt-replacement/,Publish only with >=5 local quotes; otherwise fold into national page
6,cost-city,/costs/timing-chain-belt-replacement/melbourne/,Timing Chain & Belt Replacement Cost in Melbourne,timing chain & belt replacement cost melbourne,timing chain & belt replacement price melbourne,P2,/costs/timing-chain-belt-replacement/,Publish only with >=5 local quotes; otherwise fold into national page
6,cost-city,/costs/timing-chain-belt-replacement/brisbane/,Timing Chain & Belt Replacement Cost in Brisbane,timing chain & belt replacement cost brisbane,timing chain & belt replacement price brisbane,P2,/costs/timing-chain-belt-replacement/,Publish only with >=5 local quotes; otherwise fold into national page
6,cost-city,/costs/timing-chain-belt-replacement/perth/,Timing Chain & Belt Replacement Cost in Perth,timing chain & belt replacement cost perth,timing chain & belt replacement price perth,P2,/costs/timing-chain-belt-replacement/,Publish only with >=5 local quotes; otherwise fold into national page
6,cost-city,/costs/timing-chain-belt-replacement/adelaide/,Timing Chain & Belt Replacement Cost in Adelaide,timing chain & belt replacement cost adelaide,timing chain & belt replacement price adelaide,P2,/costs/timing-chain-belt-replacement/,Publish only with >=5 local quotes; otherwise fold into national page
6,cost-city,/costs/timing-chain-belt-replacement/gold-coast/,Timing Chain & Belt Replacement Cost in Gold Coast,timing chain & belt replacement cost gold coast,timing chain & belt replacement price gold coast,P2,/costs/timing-chain-belt-replacement/,Publish only with >=5 local quotes; otherwise fold into national page
6,cost-city,/costs/timing-chain-belt-replacement/newcastle/,Timing Chain & Belt Replacement Cost in Newcastle,timing chain & belt replacement cost newcastle,timing chain & belt replacement price newcastle,P2,/costs/timing-chain-belt-replacement/,Publish only with >=5 local quotes; otherwise fold into national page
6,cost-city,/costs/timing-chain-belt-replacement/canberra/,Timing Chain & Belt Replacement Cost in Canberra,timing chain & belt replacement cost canberra,timing chain & belt replacement price canberra,P2,/costs/timing-chain-belt-replacement/,Publish only with >=5 local quotes; otherwise fold into national page
6,cost-city,/costs/timing-chain-belt-replacement/sunshine-coast/,Timing Chain & Belt Replacement Cost in Sunshine Coast,timing chain & belt replacement cost sunshine coast,timing chain & belt replacement price sunshine coast,P2,/costs/timing-chain-belt-replacement/,Publish only with >=5 local quotes; otherwise fold into national page
6,cost-city,/costs/timing-chain-belt-replacement/wollongong/,Timing Chain & Belt Replacement Cost in Wollongong,timing chain & belt replacement cost wollongong,timing chain & belt replacement price wollongong,P2,/costs/timing-chain-belt-replacement/,Publish only with >=5 local quotes; otherwise fold into national page
6,cost-service,/costs/diesel-engine-swap/,Diesel Engine Swap / Replacement Cost in Australia,diesel engine swap / replacement cost australia,how much does diesel engine swap / replacement cost | diesel engine swap / replacement price,P0,/costs/,Needs a real price range sourced from providers
6,cost-city,/costs/diesel-engine-swap/sydney/,Diesel Engine Swap / Replacement Cost in Sydney,diesel engine swap / replacement cost sydney,diesel engine swap / replacement price sydney,P2,/costs/diesel-engine-swap/,Publish only with >=5 local quotes; otherwise fold into national page
6,cost-city,/costs/diesel-engine-swap/melbourne/,Diesel Engine Swap / Replacement Cost in Melbourne,diesel engine swap / replacement cost melbourne,diesel engine swap / replacement price melbourne,P2,/costs/diesel-engine-swap/,Publish only with >=5 local quotes; otherwise fold into national page
6,cost-city,/costs/diesel-engine-swap/brisbane/,Diesel Engine Swap / Replacement Cost in Brisbane,diesel engine swap / replacement cost brisbane,diesel engine swap / replacement price brisbane,P2,/costs/diesel-engine-swap/,Publish only with >=5 local quotes; otherwise fold into national page
6,cost-city,/costs/diesel-engine-swap/perth/,Diesel Engine Swap / Replacement Cost in Perth,diesel engine swap / replacement cost perth,diesel engine swap / replacement price perth,P2,/costs/diesel-engine-swap/,Publish only with >=5 local quotes; otherwise fold into national page
6,cost-city,/costs/diesel-engine-swap/adelaide/,Diesel Engine Swap / Replacement Cost in Adelaide,diesel engine swap / replacement cost adelaide,diesel engine swap / replacement price adelaide,P2,/costs/diesel-engine-swap/,Publish only with >=5 local quotes; otherwise fold into national page
6,cost-city,/costs/diesel-engine-swap/gold-coast/,Diesel Engine Swap / Replacement Cost in Gold Coast,diesel engine swap / replacement cost gold coast,diesel engine swap / replacement price gold coast,P2,/costs/diesel-engine-swap/,Publish only with >=5 local quotes; otherwise fold into national page
6,cost-city,/costs/diesel-engine-swap/newcastle/,Diesel Engine Swap / Replacement Cost in Newcastle,diesel engine swap / replacement cost newcastle,diesel engine swap / replacement price newcastle,P2,/costs/diesel-engine-swap/,Publish only with >=5 local quotes; otherwise fold into national page
6,cost-city,/costs/diesel-engine-swap/canberra/,Diesel Engine Swap / Replacement Cost in Canberra,diesel engine swap / replacement cost canberra,diesel engine swap / replacement price canberra,P2,/costs/diesel-engine-swap/,Publish only with >=5 local quotes; otherwise fold into national page
6,cost-city,/costs/diesel-engine-swap/sunshine-coast/,Diesel Engine Swap / Replacement Cost in Sunshine Coast,diesel engine swap / replacement cost sunshine coast,diesel engine swap / replacement price sunshine coast,P2,/costs/diesel-engine-swap/,Publish only with >=5 local quotes; otherwise fold into national page
6,cost-city,/costs/diesel-engine-swap/wollongong/,Diesel Engine Swap / Replacement Cost in Wollongong,diesel engine swap / replacement cost wollongong,diesel engine swap / replacement price wollongong,P2,/costs/diesel-engine-swap/,Publish only with >=5 local quotes; otherwise fold into national page
6,cost-service,/costs/diesel-tuning/,Diesel Tuning & ECU Remapping Cost in Australia,diesel tuning & ecu remapping cost australia,how much does diesel tuning & ecu remapping cost | diesel tuning & ecu remapping price,P0,/costs/,Needs a real price range sourced from providers
6,cost-city,/costs/diesel-tuning/sydney/,Diesel Tuning & ECU Remapping Cost in Sydney,diesel tuning & ecu remapping cost sydney,diesel tuning & ecu remapping price sydney,P2,/costs/diesel-tuning/,Publish only with >=5 local quotes; otherwise fold into national page
6,cost-city,/costs/diesel-tuning/melbourne/,Diesel Tuning & ECU Remapping Cost in Melbourne,diesel tuning & ecu remapping cost melbourne,diesel tuning & ecu remapping price melbourne,P2,/costs/diesel-tuning/,Publish only with >=5 local quotes; otherwise fold into national page
6,cost-city,/costs/diesel-tuning/brisbane/,Diesel Tuning & ECU Remapping Cost in Brisbane,diesel tuning & ecu remapping cost brisbane,diesel tuning & ecu remapping price brisbane,P2,/costs/diesel-tuning/,Publish only with >=5 local quotes; otherwise fold into national page
6,cost-city,/costs/diesel-tuning/perth/,Diesel Tuning & ECU Remapping Cost in Perth,diesel tuning & ecu remapping cost perth,diesel tuning & ecu remapping price perth,P2,/costs/diesel-tuning/,Publish only with >=5 local quotes; otherwise fold into national page
6,cost-city,/costs/diesel-tuning/adelaide/,Diesel Tuning & ECU Remapping Cost in Adelaide,diesel tuning & ecu remapping cost adelaide,diesel tuning & ecu remapping price adelaide,P2,/costs/diesel-tuning/,Publish only with >=5 local quotes; otherwise fold into national page
6,cost-city,/costs/diesel-tuning/gold-coast/,Diesel Tuning & ECU Remapping Cost in Gold Coast,diesel tuning & ecu remapping cost gold coast,diesel tuning & ecu remapping price gold coast,P2,/costs/diesel-tuning/,Publish only with >=5 local quotes; otherwise fold into national page
6,cost-city,/costs/diesel-tuning/newcastle/,Diesel Tuning & ECU Remapping Cost in Newcastle,diesel tuning & ecu remapping cost newcastle,diesel tuning & ecu remapping price newcastle,P2,/costs/diesel-tuning/,Publish only with >=5 local quotes; otherwise fold into national page
6,cost-city,/costs/diesel-tuning/canberra/,Diesel Tuning & ECU Remapping Cost in Canberra,diesel tuning & ecu remapping cost canberra,diesel tuning & ecu remapping price canberra,P2,/costs/diesel-tuning/,Publish only with >=5 local quotes; otherwise fold into national page
6,cost-city,/costs/diesel-tuning/sunshine-coast/,Diesel Tuning & ECU Remapping Cost in Sunshine Coast,diesel tuning & ecu remapping cost sunshine coast,diesel tuning & ecu remapping price sunshine coast,P2,/costs/diesel-tuning/,Publish only with >=5 local quotes; otherwise fold into national page
6,cost-city,/costs/diesel-tuning/wollongong/,Diesel Tuning & ECU Remapping Cost in Wollongong,diesel tuning & ecu remapping cost wollongong,diesel tuning & ecu remapping price wollongong,P2,/costs/diesel-tuning/,Publish only with >=5 local quotes; otherwise fold into national page
6,cost-service,/costs/diesel-servicing/,Diesel Servicing & Log Book Service Cost in Australia,diesel servicing & log book service cost australia,how much does diesel servicing & log book service cost | diesel servicing & log book service price,P0,/costs/,Needs a real price range sourced from providers
6,cost-city,/costs/diesel-servicing/sydney/,Diesel Servicing & Log Book Service Cost in Sydney,diesel servicing & log book service cost sydney,diesel servicing & log book service price sydney,P2,/costs/diesel-servicing/,Publish only with >=5 local quotes; otherwise fold into national page
6,cost-city,/costs/diesel-servicing/melbourne/,Diesel Servicing & Log Book Service Cost in Melbourne,diesel servicing & log book service cost melbourne,diesel servicing & log book service price melbourne,P2,/costs/diesel-servicing/,Publish only with >=5 local quotes; otherwise fold into national page
6,cost-city,/costs/diesel-servicing/brisbane/,Diesel Servicing & Log Book Service Cost in Brisbane,diesel servicing & log book service cost brisbane,diesel servicing & log book service price brisbane,P2,/costs/diesel-servicing/,Publish only with >=5 local quotes; otherwise fold into national page
6,cost-city,/costs/diesel-servicing/perth/,Diesel Servicing & Log Book Service Cost in Perth,diesel servicing & log book service cost perth,diesel servicing & log book service price perth,P2,/costs/diesel-servicing/,Publish only with >=5 local quotes; otherwise fold into national page
6,cost-city,/costs/diesel-servicing/adelaide/,Diesel Servicing & Log Book Service Cost in Adelaide,diesel servicing & log book service cost adelaide,diesel servicing & log book service price adelaide,P2,/costs/diesel-servicing/,Publish only with >=5 local quotes; otherwise fold into national page
6,cost-city,/costs/diesel-servicing/gold-coast/,Diesel Servicing & Log Book Service Cost in Gold Coast,diesel servicing & log book service cost gold coast,diesel servicing & log book service price gold coast,P2,/costs/diesel-servicing/,Publish only with >=5 local quotes; otherwise fold into national page
6,cost-city,/costs/diesel-servicing/newcastle/,Diesel Servicing & Log Book Service Cost in Newcastle,diesel servicing & log book service cost newcastle,diesel servicing & log book service price newcastle,P2,/costs/diesel-servicing/,Publish only with >=5 local quotes; otherwise fold into national page
6,cost-city,/costs/diesel-servicing/canberra/,Diesel Servicing & Log Book Service Cost in Canberra,diesel servicing & log book service cost canberra,diesel servicing & log book service price canberra,P2,/costs/diesel-servicing/,Publish only with >=5 local quotes; otherwise fold into national page
6,cost-city,/costs/diesel-servicing/sunshine-coast/,Diesel Servicing & Log Book Service Cost in Sunshine Coast,diesel servicing & log book service cost sunshine coast,diesel servicing & log book service price sunshine coast,P2,/costs/diesel-servicing/,Publish only with >=5 local quotes; otherwise fold into national page
6,cost-city,/costs/diesel-servicing/wollongong/,Diesel Servicing & Log Book Service Cost in Wollongong,diesel servicing & log book service cost wollongong,diesel servicing & log book service price wollongong,P2,/costs/diesel-servicing/,Publish only with >=5 local quotes; otherwise fold into national page
6,cost-service,/costs/diesel-engine-diagnostics/,Diesel Engine Diagnostics Cost in Australia,diesel engine diagnostics cost australia,how much does diesel engine diagnostics cost | diesel engine diagnostics price,P0,/costs/,Needs a real price range sourced from providers
6,cost-city,/costs/diesel-engine-diagnostics/sydney/,Diesel Engine Diagnostics Cost in Sydney,diesel engine diagnostics cost sydney,diesel engine diagnostics price sydney,P2,/costs/diesel-engine-diagnostics/,Publish only with >=5 local quotes; otherwise fold into national page
6,cost-city,/costs/diesel-engine-diagnostics/melbourne/,Diesel Engine Diagnostics Cost in Melbourne,diesel engine diagnostics cost melbourne,diesel engine diagnostics price melbourne,P2,/costs/diesel-engine-diagnostics/,Publish only with >=5 local quotes; otherwise fold into national page
6,cost-city,/costs/diesel-engine-diagnostics/brisbane/,Diesel Engine Diagnostics Cost in Brisbane,diesel engine diagnostics cost brisbane,diesel engine diagnostics price brisbane,P2,/costs/diesel-engine-diagnostics/,Publish only with >=5 local quotes; otherwise fold into national page
6,cost-city,/costs/diesel-engine-diagnostics/perth/,Diesel Engine Diagnostics Cost in Perth,diesel engine diagnostics cost perth,diesel engine diagnostics price perth,P2,/costs/diesel-engine-diagnostics/,Publish only with >=5 local quotes; otherwise fold into national page
6,cost-city,/costs/diesel-engine-diagnostics/adelaide/,Diesel Engine Diagnostics Cost in Adelaide,diesel engine diagnostics cost adelaide,diesel engine diagnostics price adelaide,P2,/costs/diesel-engine-diagnostics/,Publish only with >=5 local quotes; otherwise fold into national page
6,cost-city,/costs/diesel-engine-diagnostics/gold-coast/,Diesel Engine Diagnostics Cost in Gold Coast,diesel engine diagnostics cost gold coast,diesel engine diagnostics price gold coast,P2,/costs/diesel-engine-diagnostics/,Publish only with >=5 local quotes; otherwise fold into national page
6,cost-city,/costs/diesel-engine-diagnostics/newcastle/,Diesel Engine Diagnostics Cost in Newcastle,diesel engine diagnostics cost newcastle,diesel engine diagnostics price newcastle,P2,/costs/diesel-engine-diagnostics/,Publish only with >=5 local quotes; otherwise fold into national page
6,cost-city,/costs/diesel-engine-diagnostics/canberra/,Diesel Engine Diagnostics Cost in Canberra,diesel engine diagnostics cost canberra,diesel engine diagnostics price canberra,P2,/costs/diesel-engine-diagnostics/,Publish only with >=5 local quotes; otherwise fold into national page
6,cost-city,/costs/diesel-engine-diagnostics/sunshine-coast/,Diesel Engine Diagnostics Cost in Sunshine Coast,diesel engine diagnostics cost sunshine coast,diesel engine diagnostics price sunshine coast,P2,/costs/diesel-engine-diagnostics/,Publish only with >=5 local quotes; otherwise fold into national page
6,cost-city,/costs/diesel-engine-diagnostics/wollongong/,Diesel Engine Diagnostics Cost in Wollongong,diesel engine diagnostics cost wollongong,diesel engine diagnostics price wollongong,P2,/costs/diesel-engine-diagnostics/,Publish only with >=5 local quotes; otherwise fold into national page
6,cost-service,/costs/mobile-diesel-mechanic/,Mobile Diesel Mechanic Cost in Australia,mobile diesel mechanic cost australia,how much does mobile diesel mechanic cost | mobile diesel mechanic price,P0,/costs/,Needs a real price range sourced from providers
6,cost-city,/costs/mobile-diesel-mechanic/sydney/,Mobile Diesel Mechanic Cost in Sydney,mobile diesel mechanic cost sydney,mobile diesel mechanic price sydney,P2,/costs/mobile-diesel-mechanic/,Publish only with >=5 local quotes; otherwise fold into national page
6,cost-city,/costs/mobile-diesel-mechanic/melbourne/,Mobile Diesel Mechanic Cost in Melbourne,mobile diesel mechanic cost melbourne,mobile diesel mechanic price melbourne,P2,/costs/mobile-diesel-mechanic/,Publish only with >=5 local quotes; otherwise fold into national page
6,cost-city,/costs/mobile-diesel-mechanic/brisbane/,Mobile Diesel Mechanic Cost in Brisbane,mobile diesel mechanic cost brisbane,mobile diesel mechanic price brisbane,P2,/costs/mobile-diesel-mechanic/,Publish only with >=5 local quotes; otherwise fold into national page
6,cost-city,/costs/mobile-diesel-mechanic/perth/,Mobile Diesel Mechanic Cost in Perth,mobile diesel mechanic cost perth,mobile diesel mechanic price perth,P2,/costs/mobile-diesel-mechanic/,Publish only with >=5 local quotes; otherwise fold into national page
6,cost-city,/costs/mobile-diesel-mechanic/adelaide/,Mobile Diesel Mechanic Cost in Adelaide,mobile diesel mechanic cost adelaide,mobile diesel mechanic price adelaide,P2,/costs/mobile-diesel-mechanic/,Publish only with >=5 local quotes; otherwise fold into national page
6,cost-city,/costs/mobile-diesel-mechanic/gold-coast/,Mobile Diesel Mechanic Cost in Gold Coast,mobile diesel mechanic cost gold coast,mobile diesel mechanic price gold coast,P2,/costs/mobile-diesel-mechanic/,Publish only with >=5 local quotes; otherwise fold into national page
6,cost-city,/costs/mobile-diesel-mechanic/newcastle/,Mobile Diesel Mechanic Cost in Newcastle,mobile diesel mechanic cost newcastle,mobile diesel mechanic price newcastle,P2,/costs/mobile-diesel-mechanic/,Publish only with >=5 local quotes; otherwise fold into national page
6,cost-city,/costs/mobile-diesel-mechanic/canberra/,Mobile Diesel Mechanic Cost in Canberra,mobile diesel mechanic cost canberra,mobile diesel mechanic price canberra,P2,/costs/mobile-diesel-mechanic/,Publish only with >=5 local quotes; otherwise fold into national page
6,cost-city,/costs/mobile-diesel-mechanic/sunshine-coast/,Mobile Diesel Mechanic Cost in Sunshine Coast,mobile diesel mechanic cost sunshine coast,mobile diesel mechanic price sunshine coast,P2,/costs/mobile-diesel-mechanic/,Publish only with >=5 local quotes; otherwise fold into national page
6,cost-city,/costs/mobile-diesel-mechanic/wollongong/,Mobile Diesel Mechanic Cost in Wollongong,mobile diesel mechanic cost wollongong,mobile diesel mechanic price wollongong,P2,/costs/mobile-diesel-mechanic/,Publish only with >=5 local quotes; otherwise fold into national page
6,cost-service,/costs/emergency-diesel-repair/,Emergency & Roadside Diesel Repair Cost in Australia,emergency & roadside diesel repair cost australia,how much does emergency & roadside diesel repair cost | emergency & roadside diesel repair price,P0,/costs/,Needs a real price range sourced from providers
6,cost-city,/costs/emergency-diesel-repair/sydney/,Emergency & Roadside Diesel Repair Cost in Sydney,emergency & roadside diesel repair cost sydney,emergency & roadside diesel repair price sydney,P2,/costs/emergency-diesel-repair/,Publish only with >=5 local quotes; otherwise fold into national page
6,cost-city,/costs/emergency-diesel-repair/melbourne/,Emergency & Roadside Diesel Repair Cost in Melbourne,emergency & roadside diesel repair cost melbourne,emergency & roadside diesel repair price melbourne,P2,/costs/emergency-diesel-repair/,Publish only with >=5 local quotes; otherwise fold into national page
6,cost-city,/costs/emergency-diesel-repair/brisbane/,Emergency & Roadside Diesel Repair Cost in Brisbane,emergency & roadside diesel repair cost brisbane,emergency & roadside diesel repair price brisbane,P2,/costs/emergency-diesel-repair/,Publish only with >=5 local quotes; otherwise fold into national page
6,cost-city,/costs/emergency-diesel-repair/perth/,Emergency & Roadside Diesel Repair Cost in Perth,emergency & roadside diesel repair cost perth,emergency & roadside diesel repair price perth,P2,/costs/emergency-diesel-repair/,Publish only with >=5 local quotes; otherwise fold into national page
6,cost-city,/costs/emergency-diesel-repair/adelaide/,Emergency & Roadside Diesel Repair Cost in Adelaide,emergency & roadside diesel repair cost adelaide,emergency & roadside diesel repair price adelaide,P2,/costs/emergency-diesel-repair/,Publish only with >=5 local quotes; otherwise fold into national page
6,cost-city,/costs/emergency-diesel-repair/gold-coast/,Emergency & Roadside Diesel Repair Cost in Gold Coast,emergency & roadside diesel repair cost gold coast,emergency & roadside diesel repair price gold coast,P2,/costs/emergency-diesel-repair/,Publish only with >=5 local quotes; otherwise fold into national page
6,cost-city,/costs/emergency-diesel-repair/newcastle/,Emergency & Roadside Diesel Repair Cost in Newcastle,emergency & roadside diesel repair cost newcastle,emergency & roadside diesel repair price newcastle,P2,/costs/emergency-diesel-repair/,Publish only with >=5 local quotes; otherwise fold into national page
6,cost-city,/costs/emergency-diesel-repair/canberra/,Emergency & Roadside Diesel Repair Cost in Canberra,emergency & roadside diesel repair cost canberra,emergency & roadside diesel repair price canberra,P2,/costs/emergency-diesel-repair/,Publish only with >=5 local quotes; otherwise fold into national page
6,cost-city,/costs/emergency-diesel-repair/sunshine-coast/,Emergency & Roadside Diesel Repair Cost in Sunshine Coast,emergency & roadside diesel repair cost sunshine coast,emergency & roadside diesel repair price sunshine coast,P2,/costs/emergency-diesel-repair/,Publish only with >=5 local quotes; otherwise fold into national page
6,cost-city,/costs/emergency-diesel-repair/wollongong/,Emergency & Roadside Diesel Repair Cost in Wollongong,emergency & roadside diesel repair cost wollongong,emergency & roadside diesel repair price wollongong,P2,/costs/emergency-diesel-repair/,Publish only with >=5 local quotes; otherwise fold into national page
6,cost-service,/costs/truck-diesel-mechanic/,Truck & Heavy Vehicle Diesel Mechanic Cost in Australia,truck & heavy vehicle diesel mechanic cost australia,how much does truck & heavy vehicle diesel mechanic cost | truck & heavy vehicle diesel mechanic price,P0,/costs/,Needs a real price range sourced from providers
6,cost-city,/costs/truck-diesel-mechanic/sydney/,Truck & Heavy Vehicle Diesel Mechanic Cost in Sydney,truck & heavy vehicle diesel mechanic cost sydney,truck & heavy vehicle diesel mechanic price sydney,P2,/costs/truck-diesel-mechanic/,Publish only with >=5 local quotes; otherwise fold into national page
6,cost-city,/costs/truck-diesel-mechanic/melbourne/,Truck & Heavy Vehicle Diesel Mechanic Cost in Melbourne,truck & heavy vehicle diesel mechanic cost melbourne,truck & heavy vehicle diesel mechanic price melbourne,P2,/costs/truck-diesel-mechanic/,Publish only with >=5 local quotes; otherwise fold into national page
6,cost-city,/costs/truck-diesel-mechanic/brisbane/,Truck & Heavy Vehicle Diesel Mechanic Cost in Brisbane,truck & heavy vehicle diesel mechanic cost brisbane,truck & heavy vehicle diesel mechanic price brisbane,P2,/costs/truck-diesel-mechanic/,Publish only with >=5 local quotes; otherwise fold into national page
6,cost-city,/costs/truck-diesel-mechanic/perth/,Truck & Heavy Vehicle Diesel Mechanic Cost in Perth,truck & heavy vehicle diesel mechanic cost perth,truck & heavy vehicle diesel mechanic price perth,P2,/costs/truck-diesel-mechanic/,Publish only with >=5 local quotes; otherwise fold into national page
6,cost-city,/costs/truck-diesel-mechanic/adelaide/,Truck & Heavy Vehicle Diesel Mechanic Cost in Adelaide,truck & heavy vehicle diesel mechanic cost adelaide,truck & heavy vehicle diesel mechanic price adelaide,P2,/costs/truck-diesel-mechanic/,Publish only with >=5 local quotes; otherwise fold into national page
6,cost-city,/costs/truck-diesel-mechanic/gold-coast/,Truck & Heavy Vehicle Diesel Mechanic Cost in Gold Coast,truck & heavy vehicle diesel mechanic cost gold coast,truck & heavy vehicle diesel mechanic price gold coast,P2,/costs/truck-diesel-mechanic/,Publish only with >=5 local quotes; otherwise fold into national page
6,cost-city,/costs/truck-diesel-mechanic/newcastle/,Truck & Heavy Vehicle Diesel Mechanic Cost in Newcastle,truck & heavy vehicle diesel mechanic cost newcastle,truck & heavy vehicle diesel mechanic price newcastle,P2,/costs/truck-diesel-mechanic/,Publish only with >=5 local quotes; otherwise fold into national page
6,cost-city,/costs/truck-diesel-mechanic/canberra/,Truck & Heavy Vehicle Diesel Mechanic Cost in Canberra,truck & heavy vehicle diesel mechanic cost canberra,truck & heavy vehicle diesel mechanic price canberra,P2,/costs/truck-diesel-mechanic/,Publish only with >=5 local quotes; otherwise fold into national page
6,cost-city,/costs/truck-diesel-mechanic/sunshine-coast/,Truck & Heavy Vehicle Diesel Mechanic Cost in Sunshine Coast,truck & heavy vehicle diesel mechanic cost sunshine coast,truck & heavy vehicle diesel mechanic price sunshine coast,P2,/costs/truck-diesel-mechanic/,Publish only with >=5 local quotes; otherwise fold into national page
6,cost-city,/costs/truck-diesel-mechanic/wollongong/,Truck & Heavy Vehicle Diesel Mechanic Cost in Wollongong,truck & heavy vehicle diesel mechanic cost wollongong,truck & heavy vehicle diesel mechanic price wollongong,P2,/costs/truck-diesel-mechanic/,Publish only with >=5 local quotes; otherwise fold into national page
6,cost-service,/costs/4wd-diesel-specialist/,4WD & Ute Diesel Specialist Cost in Australia,4wd & ute diesel specialist cost australia,how much does 4wd & ute diesel specialist cost | 4wd & ute diesel specialist price,P0,/costs/,Needs a real price range sourced from providers
6,cost-city,/costs/4wd-diesel-specialist/sydney/,4WD & Ute Diesel Specialist Cost in Sydney,4wd & ute diesel specialist cost sydney,4wd & ute diesel specialist price sydney,P2,/costs/4wd-diesel-specialist/,Publish only with >=5 local quotes; otherwise fold into national page
6,cost-city,/costs/4wd-diesel-specialist/melbourne/,4WD & Ute Diesel Specialist Cost in Melbourne,4wd & ute diesel specialist cost melbourne,4wd & ute diesel specialist price melbourne,P2,/costs/4wd-diesel-specialist/,Publish only with >=5 local quotes; otherwise fold into national page
6,cost-city,/costs/4wd-diesel-specialist/brisbane/,4WD & Ute Diesel Specialist Cost in Brisbane,4wd & ute diesel specialist cost brisbane,4wd & ute diesel specialist price brisbane,P2,/costs/4wd-diesel-specialist/,Publish only with >=5 local quotes; otherwise fold into national page
6,cost-city,/costs/4wd-diesel-specialist/perth/,4WD & Ute Diesel Specialist Cost in Perth,4wd & ute diesel specialist cost perth,4wd & ute diesel specialist price perth,P2,/costs/4wd-diesel-specialist/,Publish only with >=5 local quotes; otherwise fold into national page
6,cost-city,/costs/4wd-diesel-specialist/adelaide/,4WD & Ute Diesel Specialist Cost in Adelaide,4wd & ute diesel specialist cost adelaide,4wd & ute diesel specialist price adelaide,P2,/costs/4wd-diesel-specialist/,Publish only with >=5 local quotes; otherwise fold into national page
6,cost-city,/costs/4wd-diesel-specialist/gold-coast/,4WD & Ute Diesel Specialist Cost in Gold Coast,4wd & ute diesel specialist cost gold coast,4wd & ute diesel specialist price gold coast,P2,/costs/4wd-diesel-specialist/,Publish only with >=5 local quotes; otherwise fold into national page
6,cost-city,/costs/4wd-diesel-specialist/newcastle/,4WD & Ute Diesel Specialist Cost in Newcastle,4wd & ute diesel specialist cost newcastle,4wd & ute diesel specialist price newcastle,P2,/costs/4wd-diesel-specialist/,Publish only with >=5 local quotes; otherwise fold into national page
6,cost-city,/costs/4wd-diesel-specialist/canberra/,4WD & Ute Diesel Specialist Cost in Canberra,4wd & ute diesel specialist cost canberra,4wd & ute diesel specialist price canberra,P2,/costs/4wd-diesel-specialist/,Publish only with >=5 local quotes; otherwise fold into national page
6,cost-city,/costs/4wd-diesel-specialist/sunshine-coast/,4WD & Ute Diesel Specialist Cost in Sunshine Coast,4wd & ute diesel specialist cost sunshine coast,4wd & ute diesel specialist price sunshine coast,P2,/costs/4wd-diesel-specialist/,Publish only with >=5 local quotes; otherwise fold into national page
6,cost-city,/costs/4wd-diesel-specialist/wollongong/,4WD & Ute Diesel Specialist Cost in Wollongong,4wd & ute diesel specialist cost wollongong,4wd & ute diesel specialist price wollongong,P2,/costs/4wd-diesel-specialist/,Publish only with >=5 local quotes; otherwise fold into national page
6,cost-service,/costs/marine-diesel-mechanic/,Marine Diesel Mechanic Cost in Australia,marine diesel mechanic cost australia,how much does marine diesel mechanic cost | marine diesel mechanic price,P0,/costs/,Needs a real price range sourced from providers
6,cost-city,/costs/marine-diesel-mechanic/sydney/,Marine Diesel Mechanic Cost in Sydney,marine diesel mechanic cost sydney,marine diesel mechanic price sydney,P2,/costs/marine-diesel-mechanic/,Publish only with >=5 local quotes; otherwise fold into national page
6,cost-city,/costs/marine-diesel-mechanic/melbourne/,Marine Diesel Mechanic Cost in Melbourne,marine diesel mechanic cost melbourne,marine diesel mechanic price melbourne,P2,/costs/marine-diesel-mechanic/,Publish only with >=5 local quotes; otherwise fold into national page
6,cost-city,/costs/marine-diesel-mechanic/brisbane/,Marine Diesel Mechanic Cost in Brisbane,marine diesel mechanic cost brisbane,marine diesel mechanic price brisbane,P2,/costs/marine-diesel-mechanic/,Publish only with >=5 local quotes; otherwise fold into national page
6,cost-city,/costs/marine-diesel-mechanic/perth/,Marine Diesel Mechanic Cost in Perth,marine diesel mechanic cost perth,marine diesel mechanic price perth,P2,/costs/marine-diesel-mechanic/,Publish only with >=5 local quotes; otherwise fold into national page
6,cost-city,/costs/marine-diesel-mechanic/adelaide/,Marine Diesel Mechanic Cost in Adelaide,marine diesel mechanic cost adelaide,marine diesel mechanic price adelaide,P2,/costs/marine-diesel-mechanic/,Publish only with >=5 local quotes; otherwise fold into national page
6,cost-city,/costs/marine-diesel-mechanic/gold-coast/,Marine Diesel Mechanic Cost in Gold Coast,marine diesel mechanic cost gold coast,marine diesel mechanic price gold coast,P2,/costs/marine-diesel-mechanic/,Publish only with >=5 local quotes; otherwise fold into national page
6,cost-city,/costs/marine-diesel-mechanic/newcastle/,Marine Diesel Mechanic Cost in Newcastle,marine diesel mechanic cost newcastle,marine diesel mechanic price newcastle,P2,/costs/marine-diesel-mechanic/,Publish only with >=5 local quotes; otherwise fold into national page
6,cost-city,/costs/marine-diesel-mechanic/canberra/,Marine Diesel Mechanic Cost in Canberra,marine diesel mechanic cost canberra,marine diesel mechanic price canberra,P2,/costs/marine-diesel-mechanic/,Publish only with >=5 local quotes; otherwise fold into national page
6,cost-city,/costs/marine-diesel-mechanic/sunshine-coast/,Marine Diesel Mechanic Cost in Sunshine Coast,marine diesel mechanic cost sunshine coast,marine diesel mechanic price sunshine coast,P2,/costs/marine-diesel-mechanic/,Publish only with >=5 local quotes; otherwise fold into national page
6,cost-city,/costs/marine-diesel-mechanic/wollongong/,Marine Diesel Mechanic Cost in Wollongong,marine diesel mechanic cost wollongong,marine diesel mechanic price wollongong,P2,/costs/marine-diesel-mechanic/,Publish only with >=5 local quotes; otherwise fold into national page
6,cost-service,/costs/earthmoving-plant-diesel/,Earthmoving & Plant Diesel Repair Cost in Australia,earthmoving & plant diesel repair cost australia,how much does earthmoving & plant diesel repair cost | earthmoving & plant diesel repair price,P0,/costs/,Needs a real price range sourced from providers
6,cost-city,/costs/earthmoving-plant-diesel/sydney/,Earthmoving & Plant Diesel Repair Cost in Sydney,earthmoving & plant diesel repair cost sydney,earthmoving & plant diesel repair price sydney,P2,/costs/earthmoving-plant-diesel/,Publish only with >=5 local quotes; otherwise fold into national page
6,cost-city,/costs/earthmoving-plant-diesel/melbourne/,Earthmoving & Plant Diesel Repair Cost in Melbourne,earthmoving & plant diesel repair cost melbourne,earthmoving & plant diesel repair price melbourne,P2,/costs/earthmoving-plant-diesel/,Publish only with >=5 local quotes; otherwise fold into national page
6,cost-city,/costs/earthmoving-plant-diesel/brisbane/,Earthmoving & Plant Diesel Repair Cost in Brisbane,earthmoving & plant diesel repair cost brisbane,earthmoving & plant diesel repair price brisbane,P2,/costs/earthmoving-plant-diesel/,Publish only with >=5 local quotes; otherwise fold into national page
6,cost-city,/costs/earthmoving-plant-diesel/perth/,Earthmoving & Plant Diesel Repair Cost in Perth,earthmoving & plant diesel repair cost perth,earthmoving & plant diesel repair price perth,P2,/costs/earthmoving-plant-diesel/,Publish only with >=5 local quotes; otherwise fold into national page
6,cost-city,/costs/earthmoving-plant-diesel/adelaide/,Earthmoving & Plant Diesel Repair Cost in Adelaide,earthmoving & plant diesel repair cost adelaide,earthmoving & plant diesel repair price adelaide,P2,/costs/earthmoving-plant-diesel/,Publish only with >=5 local quotes; otherwise fold into national page
6,cost-city,/costs/earthmoving-plant-diesel/gold-coast/,Earthmoving & Plant Diesel Repair Cost in Gold Coast,earthmoving & plant diesel repair cost gold coast,earthmoving & plant diesel repair price gold coast,P2,/costs/earthmoving-plant-diesel/,Publish only with >=5 local quotes; otherwise fold into national page
6,cost-city,/costs/earthmoving-plant-diesel/newcastle/,Earthmoving & Plant Diesel Repair Cost in Newcastle,earthmoving & plant diesel repair cost newcastle,earthmoving & plant diesel repair price newcastle,P2,/costs/earthmoving-plant-diesel/,Publish only with >=5 local quotes; otherwise fold into national page
6,cost-city,/costs/earthmoving-plant-diesel/canberra/,Earthmoving & Plant Diesel Repair Cost in Canberra,earthmoving & plant diesel repair cost canberra,earthmoving & plant diesel repair price canberra,P2,/costs/earthmoving-plant-diesel/,Publish only with >=5 local quotes; otherwise fold into national page
6,cost-city,/costs/earthmoving-plant-diesel/sunshine-coast/,Earthmoving & Plant Diesel Repair Cost in Sunshine Coast,earthmoving & plant diesel repair cost sunshine coast,earthmoving & plant diesel repair price sunshine coast,P2,/costs/earthmoving-plant-diesel/,Publish only with >=5 local quotes; otherwise fold into national page
6,cost-city,/costs/earthmoving-plant-diesel/wollongong/,Earthmoving & Plant Diesel Repair Cost in Wollongong,earthmoving & plant diesel repair cost wollongong,earthmoving & plant diesel repair price wollongong,P2,/costs/earthmoving-plant-diesel/,Publish only with >=5 local quotes; otherwise fold into national page
